"","day","temp","visib","wdsp","prcp","sndp","fog","NUM_CRIMES"
"1",5,22.3,10,15,0,999.9,0,1222
"2",6,28.4,10,5.1,0,999.9,0,673
"3",7,34.3,4.9,4.9,0.08,999.9,0,648
"4",1,30.6,2.9,9.2,0.54,2,0,514
"5",2,4.5,10,11.3,0.03,1.2,0,523
"6",3,9.2,6.7,8,0.11,2,0,503
"7",4,5.4,10,15.4,0,2,0,474
"8",5,0.4,8.2,13.2,0,3.1,0,448
"9",6,10.3,7.1,15,0.05,3.1,0,590
"10",7,8,10,11.6,0,2,0,647
"11",1,27.7,9.2,10,0,3.1,0,649
"12",2,26.3,6.8,8.7,0.15,3.9,0,607
"13",3,19.3,8.3,9.1,0.03,3.1,0,612
"14",4,13.5,9.8,5.3,0,3.1,0,675
"15",5,23.5,9.7,9.1,0,3.1,0,763
"16",6,29.3,8.5,6,0,3.1,0,710
"17",7,36.8,8.3,12.1,0,1.2,0,741
"18",1,38.7,10,10.9,0,999.9,0,698
"19",2,34,10,4.5,0,999.9,0,708
"20",3,36.6,6.7,4.3,0,999.9,0,793
"21",4,34.2,5.7,7.2,0.01,999.9,0,745
"22",5,32.2,9.8,4.8,0,999.9,0,752
"23",6,31.7,8.2,10.2,0,999.9,0,800
"24",7,35.1,9.7,8.5,0,999.9,0,756
"25",1,34.1,6.4,10.3,0,1.2,0,646
"26",2,25.9,9,7.3,0.06,1.2,0,656
"27",3,29.3,5.8,6.1,0.04,1.2,0,675
"28",4,28.7,10,6.8,0,999.9,0,646
"29",5,36.1,9.3,12.7,0.03,999.9,0,703
"30",6,29.7,9.8,9.2,0,999.9,0,714
"31",7,30.3,10,6.5,0,999.9,0,636
"32",1,31.8,1.4,11.2,0.25,13,1,562
"33",2,18.1,5,14.2,0.21,16.9,1,474
"34",3,16.7,8.9,7.5,0,16.9,1,511
"35",4,25.4,4.5,6.4,0.05,16.1,0,577
"36",5,11.4,10,7.1,0,15,0,572
"37",6,20.2,9.8,9.4,0,14.2,0,696
"38",7,33.6,9.6,7.2,0,11,0,679
"39",1,38.5,7.1,7.8,0,5.1,0,615
"40",2,29.3,6.9,13.4,0,3.9,0,607
"41",3,28.4,9.6,7.1,0,3.9,0,629
"42",4,32.6,8.9,10,0,3.1,0,606
"43",5,18.3,9.4,13.8,0,3.1,0,611
"44",6,14.5,10,8.4,0,3.1,0,632
"45",7,21.1,9.2,15.9,0,3.1,0,597
"46",1,7.3,7.6,9.4,0,3.1,0,552
"47",2,12.8,10,4.2,0,3.1,0,537
"48",3,18.2,8.7,9.1,0,3.1,0,597
"49",4,9.6,9.9,12.8,0,3.1,0,511
"50",5,1.3,9.7,11.9,0,3.1,0,463
"51",6,7,9.3,8.8,0,3.1,0,651
"52",7,23.4,9.3,6.3,0,3.1,0,652
"53",1,24.3,9,8.7,0,3.1,0,593
"54",2,7.7,10,9.8,0,3.1,0,572
"55",3,13.9,10,12.6,0,3.1,0,628
"56",4,24.1,8.9,7.9,0,3.1,0,571
"57",5,20.2,3.1,11.5,0.06,7.1,1,517
"58",6,10,10,6.7,0,5.9,0,638
"59",7,11,10,4.6,0,5.9,0,545
"60",1,22,7.3,5.1,0,5.9,0,756
"61",2,23.8,10,6.6,0.01,5.1,0,658
"62",3,30.7,6.5,10.6,0.04,3.9,0,636
"63",4,26.6,10,10.4,0.06,3.9,0,562
"64",5,15.2,10,8.9,0,3.9,0,612
"65",6,14.7,10,10.4,0,3.9,0,712
"66",7,34.1,10,10.6,0,2,0,697
"67",1,37.1,10,6.7,0,1.2,0,625
"68",2,40,10,4.7,0,1.2,0,726
"69",3,43.9,4.6,6.2,0,999.9,1,753
"70",4,44.7,6.5,6.5,0,999.9,1,746
"71",5,44.9,10,6.5,0,999.9,0,751
"72",6,50.6,10,6.3,0,999.9,0,814
"73",7,52.5,9.7,8.2,0,999.9,0,798
"74",1,47.6,10,6.7,0,999.9,0,778
"75",2,61.3,10,11.7,0,999.9,0,779
"76",3,44.1,10,15,0,999.9,0,692
"77",4,38.8,10,4.3,0,999.9,0,690
"78",5,44.4,10,7.4,0,999.9,0,717
"79",6,44,9.3,7.8,0,999.9,0,775
"80",7,43,8.1,11.4,0,999.9,0,689
"81",1,34.8,9.8,10,0,999.9,0,656
"82",2,31.4,6.6,11.5,0.07,3.1,1,592
"83",3,32.4,9.9,9.1,0.08,2,0,639
"84",4,40.7,7,11,0.17,999.9,0,723
"85",5,39.7,9.7,8.1,0.13,999.9,0,684
"86",6,30.8,8.3,12.1,0.01,1.2,0,725
"87",7,29.2,10,6.2,0,999.9,0,657
"88",1,34.9,10,12.4,0,999.9,0,619
"89",2,49.1,10,9,0.04,999.9,0,719
"90",3,50.1,9.2,9.4,0,999.9,0,693
"91",4,55.9,10,8.5,0,999.9,0,927
"92",5,60.6,9.5,11,0.02,999.9,0,794
"93",6,52,10,8.9,0.25,999.9,0,710
"94",7,42.9,10,10.7,0,999.9,0,694
"95",1,56.3,10,10.3,0,999.9,0,673
"96",2,55,10,6.3,0,999.9,0,676
"97",3,43.6,5.1,10.5,0.11,999.9,0,603
"98",4,47.2,3.2,7.6,0.04,999.9,1,679
"99",5,54.6,4.3,9.1,0.21,999.9,0,648
"100",6,54.5,9.8,19.2,0.82,999.9,0,714
"101",7,50.5,10,7.2,0,999.9,0,720
"102",1,58.8,10,8,0,999.9,0,773
"103",2,63.3,9.8,10.5,0.11,999.9,0,735
"104",3,58.2,10,5.1,0.03,999.9,0,767
"105",4,56,10,9.6,0,999.9,0,798
"106",5,54.8,8.8,7.1,0.34,999.9,0,686
"107",6,62.4,9.1,3.8,0,999.9,0,785
"108",7,62.3,10,7.4,0,999.9,0,769
"109",1,57.5,9.4,8.7,0,999.9,0,703
"110",2,50.8,7,14.1,0.42,999.9,0,743
"111",3,47.6,10,16.2,0,999.9,0,663
"112",4,42.2,9.9,12.7,0,999.9,0,682
"113",5,44.5,10,7.9,0,999.9,0,731
"114",6,47.5,10,4.3,0,999.9,0,761
"115",7,45.9,8.8,13.1,0.29,999.9,0,695
"116",1,47.1,10,10.7,0.34,999.9,0,718
"117",2,49.1,10,11.9,0,999.9,0,721
"118",3,49.1,10,5.4,0,999.9,0,718
"119",4,52.3,10,5.2,0,999.9,0,766
"120",5,48,10,12.1,0,999.9,0,666
"121",6,52.2,10,5.5,0,999.9,0,951
"122",7,64.9,10,5.8,0,999.9,0,686
"123",1,70.1,10,8.5,0,999.9,0,745
"124",2,67.8,10,8.4,0.2,999.9,0,779
"125",3,56.1,5.8,7.2,0.78,999.9,0,696
"126",4,60.1,3.6,5.4,0.01,999.9,1,739
"127",5,71.2,9.9,7.8,0,999.9,0,826
"128",6,73.9,9.9,7.8,0,999.9,0,807
"129",7,60.4,6.3,7.2,0.59,999.9,0,685
"130",1,50.3,5.7,7.7,0.18,999.9,0,741
"131",2,59.9,8.7,9.4,0.05,999.9,0,748
"132",3,54.2,10,15.3,0.14,999.9,0,757
"133",4,49.6,10,9.3,0,999.9,0,767
"134",5,55.3,10,8.7,0,999.9,0,755
"135",6,67.6,9.7,9.8,0.16,999.9,0,822
"136",7,72.9,10,6,0.03,999.9,0,882
"137",1,74.9,8.3,11.3,0,999.9,0,836
"138",2,74.6,10,12.9,0,999.9,0,758
"139",3,51.4,10,10.5,0,999.9,0,707
"140",4,46.2,10,9.1,0,999.9,0,729
"141",5,54.7,10,7.3,0.02,999.9,0,745
"142",6,60.5,10,7.5,0,999.9,0,824
"143",7,65.7,10,6.7,0,999.9,0,798
"144",1,68.8,9.7,5.4,0.01,999.9,0,687
"145",2,74.3,9.8,12.8,0.43,999.9,0,708
"146",3,73.3,9.4,10.9,0.06,999.9,0,771
"147",4,70.9,9.8,11.7,0.42,999.9,0,737
"148",5,72,10,5.3,0.06,999.9,0,800
"149",6,75.7,9.6,8.7,0,999.9,0,828
"150",7,66,7.7,10.3,0.23,999.9,0,719
"151",1,48.7,6.4,15.6,0.77,999.9,0,666
"152",2,53.5,10,9.2,0.02,999.9,0,954
"153",3,58,10,4.6,0,999.9,0,772
"154",4,65.3,10,6,0,999.9,0,777
"155",5,71,10,7.2,0,999.9,0,721
"156",6,66.8,9.3,11,0,999.9,0,786
"157",7,62.4,9.9,9.6,0,999.9,0,758
"158",1,68.2,9.3,9.3,0,999.9,0,739
"159",2,74.9,9.7,11.3,0.44,999.9,0,681
"160",3,72,9.7,5.9,0.1,999.9,0,731
"161",4,81.7,10,11.5,0.08,999.9,0,793
"162",5,72.1,9.7,6.2,0.01,999.9,0,802
"163",6,65.9,4.1,6.1,0.28,999.9,0,827
"164",7,69.7,6.4,5.8,0.09,999.9,1,813
"165",1,75.9,8.5,7.2,1.44,999.9,0,794
"166",2,76.4,9,6.7,1.54,999.9,1,739
"167",3,70.4,8.6,8.5,1.75,999.9,0,847
"168",4,63.5,8.7,4,0,999.9,0,722
"169",5,74.5,7.1,7.8,0.33,999.9,1,768
"170",6,63.1,10,10.7,0.48,999.9,0,775
"171",7,67.4,10,5.9,0,999.9,0,766
"172",1,76.8,9.7,7.8,0.22,999.9,0,783
"173",2,78.3,9.9,8.7,0,999.9,0,780
"174",3,77.2,10,9,0.04,999.9,0,732
"175",4,72.3,10,5,0,999.9,0,728
"176",5,73.4,9,6.7,0,999.9,0,784
"177",6,66.3,6.8,7.9,0.02,999.9,0,784
"178",7,66.5,9.7,9.2,0.7,999.9,0,723
"179",1,70,10,5,0,999.9,0,797
"180",2,70.6,9.3,4.4,0.02,999.9,0,751
"181",3,70.7,8.5,6.6,0.06,999.9,0,748
"182",4,62.6,10,7.7,0,999.9,0,888
"183",5,62.8,9.9,9.3,0,999.9,0,757
"184",6,68,10,6.3,0,999.9,0,768
"185",7,72.2,9.9,3.1,0,999.9,0,845
"186",1,76,8,3.5,0,999.9,0,898
"187",2,78.4,9.2,8.5,0,999.9,0,757
"188",3,69,8.3,12.3,0.76,999.9,0,701
"189",4,62.5,10,7.2,0.05,999.9,0,718
"190",5,66.3,5.9,7.2,0.04,999.9,0,671
"191",6,71.5,9,4.3,0,999.9,0,739
"192",7,73.7,10,3.7,0,999.9,0,798
"193",1,75,8.5,5.9,0.09,999.9,0,801
"194",2,78,10,9.1,0.06,999.9,0,782
"195",3,78,10,9.3,0.66,999.9,0,711
"196",4,68.2,10,10,0,999.9,0,795
"197",5,69.4,9.6,6.9,0,999.9,0,673
"198",6,80,8.4,7.8,0.52,999.9,0,825
"199",7,82.5,10,8,0.03,999.9,0,776
"200",1,82.1,10,7,0.03,999.9,0,764
"201",2,77.6,10,5.8,0,999.9,0,778
"202",3,77.1,10,7.4,0,999.9,0,776
"203",4,75.9,10,4.1,0,999.9,0,774
"204",5,77.7,10,4.1,0,999.9,0,810
"205",6,79.2,10,6,0,999.9,0,867
"206",7,80.8,10,8.2,0,999.9,0,831
"207",1,77.4,10,4.7,0,999.9,0,802
"208",2,80.3,9.5,6.8,0,999.9,0,835
"209",3,82.9,10,6.8,0,999.9,0,767
"210",4,83.3,9.5,8,0.07,999.9,0,763
"211",5,80,10,9.5,0,999.9,0,775
"212",6,80.7,10,9.9,0,999.9,0,781
"213",7,78.2,10,8,0,999.9,0,1044
"214",1,82.5,10,12.6,0,999.9,0,821
"215",2,77.8,9.8,9.5,1.06,999.9,0,729
"216",3,75,10,6.1,0,999.9,0,761
"217",4,75.6,10,5.1,0,999.9,0,772
"218",5,76.2,10,7.9,0,999.9,0,809
"219",6,76.4,10,7.5,0,999.9,0,839
"220",7,78.1,10,6.5,0,999.9,0,849
"221",1,74.6,7.2,4.3,0,999.9,0,745
"222",2,77.8,8.8,4.8,0,999.9,0,808
"223",3,75,10,6.9,0.25,999.9,0,790
"224",4,72.7,10,4.4,0,999.9,0,760
"225",5,75.6,10,7.8,0,999.9,0,784
"226",6,79.4,10,8.3,0,999.9,0,808
"227",7,78,9.8,6.2,0.29,999.9,0,824
"228",1,80.7,10,7.1,0.05,999.9,0,865
"229",2,81.2,10,6.9,0,999.9,0,741
"230",3,75.8,8.5,7.1,0.7,999.9,0,762
"231",4,73.9,9.7,12.2,0.94,999.9,0,792
"232",5,67.2,10,14,0,999.9,0,838
"233",6,71.7,10,7.4,0,999.9,0,858
"234",7,75.3,10,7.8,0,999.9,0,845
"235",1,74.1,9.6,9.9,0,999.9,0,806
"236",2,67.4,10,11.4,0.09,999.9,0,724
"237",3,65.4,10,8.6,0,999.9,0,767
"238",4,64.2,10,5.3,0,999.9,0,792
"239",5,65.5,9.9,3.8,0,999.9,0,764
"240",6,68.8,9.9,4.9,0,999.9,0,806
"241",7,70.8,9.3,5.6,0.22,999.9,0,760
"242",1,71,5.7,4.3,0.15,999.9,0,800
"243",2,74.8,7,2.3,0,999.9,0,745
"244",3,80.8,9.6,6.6,0,999.9,0,953
"245",4,82.2,9.8,7.6,0,999.9,0,801
"246",5,83.9,10,7.5,0,999.9,0,875
"247",6,76.9,9.8,6.1,0,999.9,0,815
"248",7,76.9,9.9,6.2,0,999.9,0,765
"249",1,82.8,10,6.9,0.02,999.9,0,818
"250",2,83.6,10,7.5,0,999.9,0,808
"251",3,80,9.4,8,0,999.9,1,717
"252",4,72.4,9.8,6.2,1.01,999.9,0,711
"253",5,66.6,10,4.5,0,999.9,0,658
"254",6,63.4,9.7,7.2,0.22,999.9,0,691
"255",7,59.2,9.8,10.5,0.24,999.9,0,724
"256",1,60.3,10,6.8,0.13,999.9,0,734
"257",2,67.4,10,9.3,0,999.9,0,790
"258",3,73.7,10,10.2,0,999.9,0,811
"259",4,73.5,10,8.6,0,999.9,0,766
"260",5,75,10,9.3,0,999.9,0,717
"261",6,74.2,7.7,8.8,0.26,999.9,0,791
"262",7,66.8,8.7,9.6,1.7,999.9,0,792
"263",1,62.4,10,3.2,0.04,999.9,0,811
"264",2,64.5,10,5.6,0,999.9,0,735
"265",3,67.8,10,4.8,0,999.9,0,776
"266",4,70.6,10,4.6,0,999.9,0,833
"267",5,69.7,10,6,0,999.9,0,716
"268",6,69.6,10,7.1,0,999.9,0,810
"269",7,69.2,10,7.6,0,999.9,0,792
"270",1,70.1,10,6.5,0,999.9,0,801
"271",2,72.4,10,5.2,0,999.9,0,753
"272",3,67.6,9.8,9.3,0,999.9,0,669
"273",4,59.2,10,15.2,0,999.9,0,678
"274",5,57.4,10,16.8,0,999.9,0,887
"275",6,56.6,10,19.1,0,999.9,0,799
"276",7,52.9,9.6,17.7,0.02,999.9,0,708
"277",1,53.4,10,13,0.02,999.9,0,653
"278",2,58.4,7.4,7.4,0,999.9,0,755
"279",3,60.8,6.7,5.7,0,999.9,0,752
"280",4,62.3,8.5,5.5,0,999.9,0,718
"281",5,64.5,10,7.7,0,999.9,0,701
"282",6,62,9.9,10.9,0,999.9,0,795
"283",7,55.6,10,5,0,999.9,0,728
"284",1,63.3,10,9.8,0,999.9,0,735
"285",2,68.2,10,12.6,0,999.9,0,730
"286",3,57.5,10,10.7,0,999.9,0,741
"287",4,54.4,10,6.6,0,999.9,0,764
"288",5,57.3,10,9.5,0,999.9,0,816
"289",6,51.1,10,8.8,0,999.9,0,734
"290",7,44.8,10,8.5,0,999.9,0,706
"291",1,46.8,10,2.8,0,999.9,0,675
"292",2,57.7,10,13.2,0,999.9,0,788
"293",3,65,10,11.5,0,999.9,0,785
"294",4,66.2,10,10.1,0.09,999.9,0,794
"295",5,61.2,10,7.5,0,999.9,0,773
"296",6,57.4,9.9,9.7,0,999.9,0,777
"297",7,63.8,9,11.9,0.04,999.9,0,765
"298",1,52.8,10,6.1,0.12,999.9,0,728
"299",2,52.2,10,4.8,0,999.9,0,781
"300",3,54.7,9.7,9.6,0,999.9,0,651
"301",4,53.8,4.8,11.9,0.48,999.9,0,682
"302",5,42.2,10,15.2,0.06,999.9,0,669
"303",6,46.9,10,4.5,0,999.9,0,776
"304",7,48.8,7.1,8.8,0,999.9,0,721
"305",1,54.7,9.6,10.9,0.74,999.9,0,992
"306",2,60.3,10,8.9,0,999.9,0,785
"307",3,61,10,5.7,0,999.9,0,749
"308",4,60.3,7,5.2,0,999.9,1,791
"309",5,65.6,9.4,10.1,0,999.9,0,754
"310",6,55.8,8.8,14.1,0.47,999.9,0,747
"311",7,46.4,10,8.3,0,999.9,0,691
"312",1,44,10,3.6,0,999.9,0,705
"313",2,46.1,10,3.4,0,999.9,0,684
"314",3,48.9,10,3.5,0,999.9,0,640
"315",4,51.7,10,8.1,0,999.9,0,686
"316",5,49.7,8.4,19.9,0.74,999.9,0,693
"317",6,43.3,10,16.4,0.01,999.9,0,679
"318",7,42.3,10,7,0,999.9,0,696
"319",1,54.1,10,8.3,0,999.9,0,722
"320",2,53.1,10,8.8,0,999.9,0,744
"321",3,53.1,7.9,12,0.03,999.9,0,667
"322",4,60.1,9.1,17,0.44,999.9,0,683
"323",5,46,10,15.8,0.12,999.9,0,696
"324",6,38.2,10,10.5,0,999.9,0,713
"325",7,33.6,2.8,10.3,0.3,3.9,1,528
"326",1,21.4,10,7.4,0.37,3.1,0,520
"327",2,31,10,8.8,0,2,0,650
"328",3,34.7,9.5,4,0,1.2,0,607
"329",4,44.7,10,9.3,0,1.2,0,620
"330",5,55,8.1,12.9,0.26,999.9,0,589
"331",6,47.6,5.5,13.8,1.02,999.9,0,613
"332",7,39,10,12.3,0.09,999.9,0,658
"333",1,36.8,10,6.9,0,999.9,0,612
"334",2,42.1,9.8,10.1,0,999.9,0,666
"335",3,43.5,6.6,9.6,0.3,999.9,0,794
"336",4,36.5,6.9,7.5,0.03,999.9,1,716
"337",5,34.2,8.7,8.4,0.1,999.9,0,710
"338",6,38.3,6,8.9,0,999.9,0,700
"339",7,36.3,5.1,7.1,0,999.9,1,707
"340",1,38.7,8.8,5.2,0,999.9,0,687
"341",2,37.2,4.5,4.4,0,999.9,1,689
"342",3,41.9,5.7,9.4,0,999.9,0,733
"343",4,48.2,8.7,7.8,0,999.9,0,685
"344",5,50,10,12.2,0,999.9,0,690
"345",6,49.1,10,8.3,0,999.9,0,742
"346",7,55.3,4.7,4.2,0,999.9,0,752
"347",1,59.7,6.2,8,0.05,999.9,0,650
"348",2,56.5,8.9,14.6,0.95,999.9,0,739
"349",3,43.2,9.9,8,0.15,999.9,0,793
"350",4,45.1,9,11.9,0,999.9,0,722
"351",5,34.9,10,14.7,0.09,999.9,0,727
"352",6,29.8,10,11,0,999.9,0,653
"353",7,25.3,9.7,10.7,0,999.9,0,666
"354",1,37.8,10,10.9,0,999.9,0,693
"355",2,47.8,8.5,12.8,0.03,999.9,0,649
"356",3,41.6,5.3,6.9,0.3,999.9,0,694
"357",4,50.6,4,10.7,0.01,999.9,1,753
"358",5,43.2,10,14.3,0.84,999.9,0,675
"359",6,41.2,9.9,6.4,0,999.9,0,498
"360",7,41.6,7.9,9.6,0,999.9,0,640
"361",1,41.2,7,14.5,0.39,999.9,0,627
"362",2,35.4,6.8,19.4,0.01,999.9,0,516
"363",3,35.5,8.1,12.9,1.82,999.9,0,624
"364",4,30.3,8.5,6.9,0,3.9,1,603
"365",5,28.5,9,8.4,0,3.1,0,610
"366",6,25.3,9.5,13,0,2,0,1153
"367",7,28.6,10,9.2,0,2,0,576
"368",1,28.8,10,10.9,0,2,0,618
"369",2,28.5,9.8,10.5,0,2,0,626
"370",3,27.5,10,8.3,0,1.2,0,627
"371",4,31.1,10,7,0,1.2,0,626
"372",5,38.6,10,6.3,0,1.2,0,706
"373",6,41.9,6.5,5.8,0,1.2,0,742
"374",7,40.5,3,6.2,0.18,999.9,1,650
"375",1,20.6,8.7,15.6,0.27,1.2,0,597
"376",2,8.3,8.7,9.8,0,1.2,0,513
"377",3,16.2,6.2,14.3,0.06,2,0,548
"378",4,9,9.9,8.2,0,2,0,654
"379",5,33.9,10,8.6,0,1.2,0,734
"380",6,41.1,9,10.8,0,999.9,0,733
"381",7,30.4,9.3,11.2,0.02,999.9,0,651
"382",1,9.6,10,13.6,0,999.9,0,537
"383",2,2.8,10,11.5,0,999.9,0,515
"384",3,8.1,10,6.4,0,999.9,0,610
"385",4,18.8,8,2.9,0.03,1.2,0,619
"386",5,21.3,9.6,2.7,0,1.2,0,634
"387",6,27.3,7.4,7.6,0,1.2,0,701
"388",7,30,9.7,6.5,0.01,1.2,0,722
"389",1,29.1,10,7.5,0,999.9,0,675
"390",2,34.3,8.9,7.2,0,999.9,0,744
"391",3,33.5,7.3,14.3,0.06,999.9,0,640
"392",4,29.1,10,9.8,0,999.9,0,669
"393",5,35.7,9.9,13.4,0,999.9,0,751
"394",6,30.5,10,9,0,999.9,0,746
"395",7,39.9,10,8.9,0,999.9,0,742
"396",1,44.6,8.1,7.6,0,999.9,0,665
"397",2,37.1,9.5,5.4,0.02,999.9,0,852
"398",3,37.1,5.6,9.2,0,999.9,0,614
"399",4,37.3,5.3,9.8,0.74,999.9,1,682
"400",5,28.1,9.8,10,0,999.9,0,670
"401",6,30.5,9.5,6.3,0,999.9,0,660
"402",7,32.3,9.2,7.3,0,999.9,0,695
"403",1,39.8,10,10.1,0,999.9,0,617
"404",2,32.4,9.9,8.9,0,999.9,0,570
"405",3,20.4,5.8,11,0,1.2,0,545
"406",4,15.2,9.6,11.1,0,1.2,0,565
"407",5,15.4,10,7.1,0,1.2,0,582
"408",6,21,9.8,10.4,0,999.9,0,646
"409",7,11.5,10,11.8,0,999.9,0,597
"410",1,15.8,7.7,8.8,0,1.2,0,514
"411",2,22.5,4,6.9,0.01,1.2,0,553
"412",3,29.2,5.8,3.6,0,1.2,0,625
"413",4,30.8,7.7,5.9,0.03,1.2,0,641
"414",5,32.5,9.9,9.5,0,999.9,0,681
"415",6,50.2,10,20.9,0,999.9,0,775
"416",7,51.2,10,11.8,0,999.9,0,702
"417",1,41.5,10,9.3,0,999.9,0,706
"418",2,36.7,10,4.2,0,999.9,0,639
"419",3,37.9,9.6,6.1,0,999.9,0,630
"420",4,36.4,7,19.9,0,2,1,578
"421",5,34.4,6.8,16.2,0.04,1.2,0,699
"422",6,32.7,10,10.1,0,999.9,0,740
"423",7,38.1,10,10.6,0,999.9,0,691
"424",1,52.2,10,14.4,0,999.9,0,624
"425",2,42.1,10,14.6,0.05,999.9,0,646
"426",3,29.8,7.8,16.2,0.05,999.9,1,817
"427",4,23.2,10,7.2,0.01,999.9,0,607
"428",5,31.2,4.8,6.9,0.04,1.2,0,616
"429",6,31.9,9.8,7.2,0.01,1.2,0,702
"430",7,34.6,6.4,8,0.03,1.2,0,699
"431",1,40.8,9.6,8.9,0,999.9,0,714
"432",2,52.6,10,11.1,0,999.9,0,794
"433",3,63.2,10,12.2,0,999.9,0,723
"434",4,62.1,9.7,9.4,0.06,999.9,0,679
"435",5,50.1,9.9,7.9,0,999.9,0,716
"436",6,44.1,10,5.4,0,999.9,0,733
"437",7,46.1,6.8,4.3,0,999.9,0,746
"438",1,48,5.7,7.5,0.07,999.9,0,628
"439",2,46.3,6,4.7,0.79,999.9,0,684
"440",3,52.1,6.6,7.4,0.11,999.9,0,713
"441",4,54.7,9.3,19.8,0.22,999.9,0,745
"442",5,50,10,14.1,0.13,999.9,0,738
"443",6,42.9,10,9.1,0,999.9,0,791
"444",7,39.5,10,7.3,0,999.9,0,699
"445",1,38.8,10,9.4,0,999.9,0,685
"446",2,40.1,10,4.8,0,999.9,0,699
"447",3,52.1,10,11.9,0,999.9,0,722
"448",4,45.7,7.6,11,0,999.9,0,686
"449",5,38.7,3.5,9.4,0.17,999.9,1,677
"450",6,35.8,10,8.5,1,999.9,0,716
"451",7,42.7,10,6.5,0,999.9,0,735
"452",1,50.2,9.6,7.2,0,999.9,0,631
"453",2,46.2,10,9.7,0.17,999.9,0,741
"454",3,45.9,10,3.7,0,999.9,0,739
"455",4,51.4,9.6,11.2,0,999.9,0,716
"456",5,60.9,8.8,15.2,0.39,999.9,0,754
"457",6,45.1,9.8,8.1,0.05,999.9,0,826
"458",7,36.8,8,16.1,0.1,999.9,0,651
"459",1,43.1,10,12,0.01,999.9,0,706
"460",2,40.4,8.9,16,0,999.9,0,660
"461",3,36.1,10,8.5,0,999.9,0,675
"462",4,46.3,8.4,10.6,0.08,999.9,0,660
"463",5,41.3,8.4,11.9,0.38,999.9,0,742
"464",6,38.9,9.6,10.3,0.01,999.9,0,626
"465",7,31.1,9.4,12.2,0.08,1.2,0,689
"466",1,39.1,8.9,11.8,0.01,999.9,0,704
"467",2,49.3,7.9,9.7,0.12,999.9,0,676
"468",3,41.4,10,7.6,0,999.9,0,701
"469",4,44.7,10,7.3,0,999.9,0,714
"470",5,50.2,10,7.7,0,999.9,0,690
"471",6,55.2,10,7.3,0,999.9,0,811
"472",7,61,10,6,0,999.9,0,734
"473",1,64.7,10,6.1,0,999.9,0,708
"474",2,68.2,10,4.8,0,999.9,0,738
"475",3,55.9,10,8.7,0,999.9,0,703
"476",4,61.5,10,9.2,0,999.9,0,689
"477",5,62.8,7.1,6.4,0.35,999.9,0,714
"478",6,52.2,8.9,10.5,0.02,999.9,0,729
"479",7,49.4,10,7.2,0,999.9,0,693
"480",1,59.6,10,7,0,999.9,0,755
"481",2,72.6,10,12,0,999.9,0,758
"482",3,54.5,8,11.8,0.01,999.9,0,693
"483",4,46.4,9.2,14.1,0,999.9,0,661
"484",5,47.7,7.4,9.8,0.63,999.9,0,731
"485",6,46.7,6.3,7.9,0.05,999.9,0,719
"486",7,46.6,7,11.6,0,999.9,0,605
"487",1,46.9,4.3,10.6,0.71,999.9,0,819
"488",2,49.8,9.3,12.7,0.38,999.9,0,757
"489",3,55,10,5.4,0,999.9,0,737
"490",4,52.2,9,11.9,0.4,999.9,0,682
"491",5,49.5,10,12.6,0,999.9,0,697
"492",6,61.6,10,5.4,0,999.9,0,794
"493",7,65.1,10,12.2,0,999.9,0,742
"494",1,57.2,10,4,0,999.9,0,729
"495",2,57.2,9.5,9.2,0,999.9,0,731
"496",3,57.4,3.1,9.7,0.58,999.9,0,713
"497",4,60.4,3.2,5.4,0.35,999.9,1,758
"498",5,63.4,7.4,8.4,0.02,999.9,0,690
"499",6,59.3,10,9.8,1.03,999.9,0,808
"500",7,47.7,8.8,12.5,0.66,999.9,0,723
"501",1,47.3,10,8.7,0,999.9,0,739
"502",2,57.1,10,10.2,0,999.9,0,782
"503",3,55.4,10,8.4,0,999.9,0,692
"504",4,54.2,10,6.4,0.01,999.9,0,800
"505",5,57.5,10,4.2,0,999.9,0,764
"506",6,60.8,10,6.1,0,999.9,0,804
"507",7,64.5,10,8.4,0,999.9,0,792
"508",1,67.2,10,5.4,0,999.9,0,750
"509",2,68.5,10,5.7,0,999.9,0,782
"510",3,75.7,10,8.7,0,999.9,0,803
"511",4,77.9,9.2,9.4,0,999.9,1,720
"512",5,73.2,9.4,8.6,1.02,999.9,0,765
"513",6,76.1,10,8.7,0,999.9,0,800
"514",7,75.1,9.6,12.8,0.14,999.9,0,791
"515",1,74.9,10,10.7,0,999.9,0,798
"516",2,75.9,10,6.1,0,999.9,0,820
"517",3,73.4,9.5,7.9,0,999.9,0,756
"518",4,69.9,8,6,1.09,999.9,0,935
"519",5,72.6,10,6.5,0.18,999.9,0,800
"520",6,72.7,10,5.3,0,999.9,0,822
"521",7,72.1,9.7,7.2,0,999.9,0,827
"522",1,70.5,10,9.9,0.03,999.9,0,777
"523",2,73,9.8,10.2,0.18,999.9,0,792
"524",3,64,10,9.6,0,999.9,0,754
"525",4,61.5,10,6.9,0,999.9,0,744
"526",5,63.9,10,6.4,0,999.9,0,725
"527",6,77.2,10,8.5,0.06,999.9,0,765
"528",7,85.2,10,9.4,0,999.9,0,815
"529",1,72.8,10,10.9,0,999.9,0,850
"530",2,71.1,10,5.7,0,999.9,0,794
"531",3,77.2,10,7.3,0,999.9,0,835
"532",4,80.6,9.9,9.6,0,999.9,0,790
"533",5,75.2,10,10,0.1,999.9,0,821
"534",6,72.5,10,9.1,0,999.9,0,829
"535",7,76.3,10,5.5,0,999.9,0,763
"536",1,80.4,10,6.7,0,999.9,0,811
"537",2,84.6,10,11.5,0,999.9,0,858
"538",3,77.1,10,7.4,0,999.9,0,824
"539",4,73.3,9.9,6.5,0,999.9,0,749
"540",5,72.3,7.6,7.6,0.69,999.9,1,801
"541",6,73.3,10,7.3,0,999.9,0,807
"542",7,79.5,10,7.2,0,999.9,0,812
"543",1,82.8,9.8,8.7,0,999.9,0,774
"544",2,81.9,10,8.8,0.2,999.9,0,771
"545",3,69.3,10,10.4,0,999.9,0,767
"546",4,67.9,10,6.8,0,999.9,0,804
"547",5,72.3,10,7.2,0,999.9,0,847
"548",6,69.6,10,10.3,0,999.9,0,959
"549",7,67.9,10,4.7,0,999.9,0,756
"550",1,70.4,10,6,0,999.9,0,782
"551",2,71.9,9.6,6.1,0,999.9,0,847
"552",3,77.2,8.9,6.3,0,999.9,0,895
"553",4,79.1,9,7.6,0,999.9,1,742
"554",5,78.4,10,6.1,0.13,999.9,0,790
"555",6,78.6,7.9,7.5,0.04,999.9,1,790
"556",7,74.5,10,9.9,0,999.9,0,729
"557",1,74.2,10,4.7,0,999.9,0,760
"558",2,81.3,10,9.2,0,999.9,0,701
"559",3,82.9,9.9,12.1,0,999.9,0,780
"560",4,79.1,10,7.9,0,999.9,0,726
"561",5,76.5,8.9,12,0.35,999.9,0,769
"562",6,72.6,10,8.5,0,999.9,0,845
"563",7,69.3,10,6.4,0.01,999.9,0,780
"564",1,73.9,10,10.2,0,999.9,0,789
"565",2,78.8,9.9,5.7,0.78,999.9,0,799
"566",3,79.6,10,4,0.01,999.9,0,791
"567",4,80.7,10,5.8,0,999.9,0,824
"568",5,82.5,9.9,7.8,0,999.9,0,784
"569",6,81.1,9.4,7.7,0.74,999.9,0,791
"570",7,86,10,4.5,0.01,999.9,0,813
"571",1,80.4,9.4,10.8,1.33,999.9,0,790
"572",2,79.6,10,8.3,0.17,999.9,0,827
"573",3,80.9,10,4.4,0,999.9,0,877
"574",4,81.5,9.9,3.9,0,999.9,0,795
"575",5,78.8,9.5,4.4,0,999.9,0,774
"576",6,75.3,7.5,5.9,0.15,999.9,0,801
"577",7,74.2,10,9,0.33,999.9,0,927
"578",1,74.4,10,7.1,0,999.9,0,813
"579",2,76.5,10,6.1,0,999.9,0,879
"580",3,79.2,10,5.4,0,999.9,0,791
"581",4,81.8,10,4.2,0,999.9,0,772
"582",5,83.5,9.9,5.6,0,999.9,0,793
"583",6,80.1,10,6.7,0,999.9,0,862
"584",7,76.6,10,6.7,0,999.9,0,828
"585",1,75.6,10,5.1,0,999.9,0,838
"586",2,78.6,10,9.6,0,999.9,0,803
"587",3,79.9,10,5.7,0,999.9,0,725
"588",4,83.1,10,4.2,0,999.9,0,722
"589",5,84.6,9.9,8.6,0,999.9,0,852
"590",6,81.5,9.1,6.6,0,999.9,1,746
"591",7,78.4,7.3,7.2,2.25,999.9,0,826
"592",1,78.4,10,4.7,0.04,999.9,0,842
"593",2,75.5,9.8,6.7,0,999.9,0,842
"594",3,76.4,8.2,7.2,0.29,999.9,0,816
"595",4,79.1,10,6.4,0.04,999.9,0,862
"596",5,79.1,8.9,6.2,0.22,999.9,1,767
"597",6,76.6,10,7.2,1.2,999.9,0,793
"598",7,75.8,9.4,9.6,0,999.9,0,844
"599",1,68.5,10,8.9,1.01,999.9,0,786
"600",2,69.6,10,3.5,0,999.9,0,728
"601",3,73.6,10,8.5,0,999.9,0,752
"602",4,76.9,9.4,10.6,0,999.9,0,823
"603",5,77.9,9.9,6.6,0.36,999.9,0,770
"604",6,74.2,10,5,0.06,999.9,0,803
"605",7,75.9,8,7.8,0.65,999.9,0,819
"606",1,78.5,9.9,5.2,0.27,999.9,0,805
"607",2,78.4,10,6.2,0,999.9,0,881
"608",3,78.9,8.1,4.6,0,999.9,0,755
"609",4,74.6,10,8.8,0.17,999.9,0,779
"610",5,70.2,10,10.7,0,999.9,0,1033
"611",6,69.8,10,9.1,0,999.9,0,799
"612",7,70.2,10,6.5,0,999.9,0,830
"613",1,72.2,10,6.7,0,999.9,0,779
"614",2,77.6,10,8.1,0,999.9,0,821
"615",3,83.8,10,9.3,0,999.9,0,761
"616",4,85.1,10,9.5,0,999.9,0,723
"617",5,77.3,9.4,9.4,0.21,999.9,0,794
"618",6,75.2,10,4.3,0.01,999.9,0,818
"619",7,70.3,9.7,7.8,0.02,999.9,0,767
"620",1,66.8,10,4.8,0.03,999.9,0,758
"621",2,70.7,10,7.4,0,999.9,0,793
"622",3,74.4,10,7.8,0,999.9,0,786
"623",4,71.6,10,9.3,0.01,999.9,0,820
"624",5,70.8,10,7.4,0,999.9,0,823
"625",6,74.1,10,9.6,0,999.9,0,806
"626",7,74.8,9.8,8.8,0.06,999.9,0,834
"627",1,72,10,3.6,0.03,999.9,0,781
"628",2,74.9,10,7.6,0,999.9,0,712
"629",3,77.3,10,7.8,0,999.9,0,792
"630",4,73.1,10,7.5,0,999.9,0,731
"631",5,75,10,3.8,0.24,999.9,0,831
"632",6,74,8.8,6.5,0,999.9,0,843
"633",7,70.8,9.6,9.3,0,999.9,0,833
"634",1,74,10,7.4,0,999.9,0,809
"635",2,67.8,10,12.7,0.03,999.9,0,764
"636",3,62.4,10,11.4,0.02,999.9,0,735
"637",4,57.3,9.7,9.4,0.01,999.9,0,634
"638",5,62.7,8.6,13.7,0.52,999.9,0,702
"639",6,63.3,7.8,12.5,0.72,999.9,0,772
"640",7,62.1,9.1,6.2,0.1,999.9,0,860
"641",1,61.9,8.4,6,1.29,999.9,0,707
"642",2,63.7,9.9,3.9,0,999.9,0,771
"643",3,66.7,10,7,0,999.9,0,743
"644",4,72.2,10,9.4,0,999.9,0,805
"645",5,67.8,8.3,3.5,0.06,999.9,0,754
"646",6,67,10,9.3,0.7,999.9,0,863
"647",7,54.1,10,5.8,0,999.9,0,715
"648",1,56.7,10,6.2,0,999.9,0,682
"649",2,59.8,10,5.6,0,999.9,0,722
"650",3,66.5,10,8,0,999.9,0,697
"651",4,63.8,8.7,10,0.01,999.9,0,745
"652",5,49.6,10,6.6,0.5,999.9,0,693
"653",6,53.9,10,5.3,0,999.9,0,821
"654",7,61.4,9.1,10,0,999.9,0,823
"655",1,69.4,8.6,7.8,0.54,999.9,0,789
"656",2,73.6,10,12.6,0,999.9,0,817
"657",3,74.3,10,14.2,0,999.9,0,774
"658",4,62.3,10,3.5,0,999.9,0,712
"659",5,57,10,10.2,0,999.9,0,717
"660",6,49.5,10,11.5,0,999.9,0,760
"661",7,48,10,6.2,0,999.9,0,773
"662",1,58,10,8.2,0,999.9,0,785
"663",2,54.3,10,8.4,0,999.9,0,769
"664",3,48.5,10,5.3,0,999.9,0,735
"665",4,48.3,7.5,9.9,0.23,999.9,0,698
"666",5,49,7,7.4,0.63,999.9,0,729
"667",6,51.6,9.8,7.2,0,999.9,0,802
"668",7,67.1,9.9,10.7,0,999.9,0,831
"669",1,56.2,9.5,10.1,0.3,999.9,0,786
"670",2,50.4,10,6.9,0,999.9,0,867
"671",3,67.1,10,9.5,0,999.9,0,910
"672",4,64.6,7.8,3.7,0,999.9,0,749
"673",5,57.8,5.5,5.3,0.3,999.9,0,783
"674",6,54.9,10,4.6,0,999.9,0,783
"675",7,56.1,10,6.2,0,999.9,0,821
"676",1,58.3,10,3.5,0,999.9,0,753
"677",2,57.6,10,4.8,0,999.9,0,737
"678",3,57.1,9.9,7.4,0.01,999.9,0,644
"679",4,51.5,10,8.8,0.01,999.9,0,680
"680",5,51.3,10,10.8,0,999.9,0,723
"681",6,51.4,10,12.4,0,999.9,0,797
"682",7,45.3,10,7.1,0,999.9,0,781
"683",1,45.7,10,8.9,0,999.9,0,660
"684",2,49,10,8,0,999.9,0,670
"685",3,48.2,6.8,3,0,999.9,1,712
"686",4,49.6,8.3,2.9,0,999.9,0,770
"687",5,58.2,8.8,9.8,0,999.9,0,810
"688",6,62.8,9.8,13.7,0,999.9,0,794
"689",7,38.9,10,17.7,0.12,999.9,0,676
"690",1,30.6,10,8.9,0,999.9,0,663
"691",2,32,10,4.5,0,999.9,0,683
"692",3,35.5,10,4.9,0,999.9,0,722
"693",4,40.7,4.9,8.5,0.1,999.9,0,699
"694",5,41.3,7.7,8.2,0.11,999.9,0,534
"695",6,39,8.7,6.9,0,999.9,0,689
"696",7,40,9.9,6.3,0,999.9,0,719
"697",1,39.4,6.6,8.1,0,999.9,0,693
"698",2,46.3,7.7,13.3,0.36,999.9,0,693
"699",3,51.5,9.5,11.6,0.65,999.9,0,698
"700",4,42.1,9.8,8.6,0,999.9,0,697
"701",5,38.9,9.8,12.4,0,999.9,0,819
"702",6,38.6,9.9,7.7,0.02,999.9,0,833
"703",7,34.5,10,6.3,0,999.9,0,758
"704",1,33,7,3.6,0,5.1,1,594
"705",2,33.4,6.1,8.1,0.45,2,0,676
"706",3,34.2,4.5,5.9,0,1.2,0,688
"707",4,28.1,10,12.9,0,999.9,0,660
"708",5,22.3,9.6,15,0,999.9,0,606
"709",6,23.8,10,9.4,0,999.9,0,668
"710",7,22,9.1,6.9,0,999.9,0,612
"711",1,27.6,3.4,7.9,0.1,5.1,1,512
"712",2,27,6.3,9.5,0.28,3.1,1,629
"713",3,18.4,8,7,0,3.1,0,574
"714",4,11.7,10,10.7,0,3.1,0,610
"715",5,5.8,10,11.3,0,3.1,0,579
"716",6,14.4,8.9,7.2,0,3.1,0,695
"717",7,23.1,4.6,5.6,0.03,3.1,0,614
"718",1,13.4,6.6,12,0.03,3.9,0,526
"719",2,2.2,10,8.1,0,3.1,0,660
"720",3,21,10,14.1,0,3.1,0,693
"721",4,28.1,9.8,7.5,0,3.1,0,728
"722",5,35.6,10,8.5,0,2,0,702
"723",6,32.2,9.1,6.1,0,2,0,728
"724",7,35.8,5.3,5.2,0.05,1.2,0,604
"725",1,34.2,4.9,9,0,1.2,0,487
"726",2,47.4,6.4,14.4,0.26,999.9,0,647
"727",3,29.9,10,13.2,0.02,999.9,0,663
"728",4,32.7,10,8.2,0,999.9,0,722
"729",5,35,10,13.4,0,999.9,0,647
"730",6,30.9,10,10.9,0,999.9,0,742
"731",7,37.4,10,13.4,0,999.9,0,704
"732",1,29.9,10,4.8,0,999.9,0,1203
"733",2,36.1,7.3,6.1,0,999.9,0,613
"734",3,40.3,3.6,6.6,0.09,999.9,1,717
"735",4,19.1,9.8,14.2,0.01,999.9,0,612
"736",5,10.9,10,10.9,0,999.9,0,610
"737",6,5.9,10,8.7,0,999.9,0,601
"738",7,8.3,10,7.8,0,999.9,0,618
"739",1,10.9,10,9,0,999.9,0,590
"740",2,23.1,9.3,10.4,0,999.9,0,713
"741",3,39.8,8.9,17.9,0,999.9,0,705
"742",4,33.9,7.7,11.6,0.24,999.9,1,662
"743",5,28.4,5,11.8,0.45,999.9,0,644
"744",6,22.9,10,8.8,0.03,999.9,0,799
"745",7,30.1,10,5.4,0,999.9,0,685
"746",1,28.1,9.5,2.5,0,999.9,0,656
"747",2,34.3,5.9,4.8,0,999.9,1,652
"748",3,36.7,4,7.7,0.96,999.9,1,705
"749",4,33.6,4.4,9.1,0.43,999.9,0,707
"750",5,35.6,4.5,6.3,0,999.9,0,738
"751",6,38.7,1.9,7,0.86,999.9,0,783
"752",7,49.6,4.9,7.1,0.01,999.9,0,786
"753",1,43.9,5.3,4.5,0,999.9,1,742
"754",2,40.7,9.2,9.6,0,999.9,0,789
"755",3,38.4,9.5,6.6,0,999.9,0,735
"756",4,38.9,5.3,9.9,0.03,999.9,0,748
"757",5,34.3,7.6,11.5,0.02,999.9,0,674
"758",6,29,9.7,11.7,0,999.9,0,784
"759",7,27.7,9.5,11.8,0,999.9,0,730
"760",1,27.6,9.8,9,0,999.9,0,633
"761",2,24.1,10,9.7,0,999.9,0,756
"762",3,38.2,9.5,13.6,0.01,999.9,0,734
"763",4,35.9,9.9,10.1,0,999.9,0,845
"764",5,22,10,11,0,999.9,0,670
"765",6,20.7,10,9.6,0,999.9,0,668
"766",7,24.1,10,10.7,0,999.9,0,638
"767",1,34,10,10.2,0,999.9,0,695
"768",2,37.3,9.3,6.1,0,999.9,0,762
"769",3,46,2.8,6.8,0.32,999.9,1,692
"770",4,32.2,7.7,10.9,0.23,999.9,0,666
"771",5,20.2,10,12.3,0,999.9,0,668
"772",6,26.7,10,12.1,0,999.9,0,744
"773",7,42.7,9.9,6.8,0,999.9,0,704
"774",1,41.3,9.9,14.3,0,999.9,0,677
"775",2,36.1,10,8.6,0,999.9,0,718
"776",3,41.4,10,11,0,999.9,0,712
"777",4,34.4,10,12.1,0,999.9,0,673
"778",5,35.1,10,6.7,0,999.9,0,671
"779",6,46.4,10,6.9,0,999.9,0,830
"780",7,56.9,10,8.2,0,999.9,0,747
"781",1,51.4,10,2.2,0,999.9,0,674
"782",2,55.1,8.3,7.4,0,999.9,0,710
"783",3,59.7,8.7,8,0.08,999.9,0,678
"784",4,57.9,6.1,8.2,0.05,999.9,1,703
"785",5,51.6,9.9,11.5,0,999.9,0,655
"786",6,40.8,5.2,9.1,0.22,999.9,0,660
"787",7,30.4,8.8,13.4,0.01,999.9,0,599
"788",1,33.1,10,11.5,0,999.9,0,576
"789",2,42.8,10,6.8,0,999.9,0,633
"790",3,52,8.7,11.4,0.01,999.9,0,631
"791",4,47.3,5.8,10.5,1.5,999.9,0,738
"792",5,32.4,10,10,0.05,999.9,0,628
"793",6,27.8,10,10,0,999.9,0,673
"794",7,33.7,9.2,9,0,999.9,0,633
"795",1,42.4,10,12.1,0,999.9,0,661
"796",2,54.6,9.8,15.3,0,999.9,0,683
"797",3,54.5,9.3,18.8,0.31,999.9,0,682
"798",4,46.3,10,19.4,0,999.9,0,667
"799",5,39.3,10,8.5,0,999.9,0,676
"800",6,31.8,10,12.1,0,999.9,0,666
"801",7,24,10,8.2,0,999.9,0,658
"802",1,27.1,10,5.7,0,999.9,0,553
"803",2,29,5.5,10.2,0.01,1.2,0,541
"804",3,26.6,4.4,12.2,0.06,5.1,1,474
"805",4,24.1,10,11,0.02,3.1,0,606
"806",5,29.8,10,6.3,0,1.2,0,668
"807",6,39,6.5,8,0.03,1.2,0,709
"808",7,42.4,9.8,12.1,0,999.9,0,674
"809",1,41.5,10,5.2,0,999.9,0,604
"810",2,47.9,9.2,9.6,0.43,999.9,0,694
"811",3,43.3,10,9.5,0,999.9,0,649
"812",4,32.3,10,14.1,0,999.9,0,647
"813",5,37.8,10,9.4,0,999.9,0,666
"814",6,59.9,10,12.9,0,999.9,0,778
"815",7,43.7,5.6,10.6,0.5,999.9,0,695
"816",1,53.1,5.9,7.4,0.48,999.9,0,702
"817",2,50,5.7,7.4,0.1,999.9,0,722
"818",3,43.1,10,9.6,0,999.9,0,673
"819",4,42.3,7.3,9.9,0,999.9,0,669
"820",5,44.1,5,12.2,1.33,999.9,1,690
"821",6,39.6,5.5,15.7,0.88,999.9,0,777
"822",7,44.2,10,5.6,0,999.9,0,826
"823",1,50.3,10,6.2,0,999.9,0,690
"824",2,49.3,7.9,6.5,0,999.9,0,696
"825",3,48.6,6.9,8.1,0.24,999.9,0,712
"826",4,44.9,7.2,12.7,0.12,999.9,0,633
"827",5,42.9,7.6,18.7,1.35,999.9,0,668
"828",6,43.8,10,11.8,0.36,999.9,0,704
"829",7,51.2,10,9.2,0,999.9,0,695
"830",1,64.8,10,13.5,0,999.9,0,761
"831",2,68,9.7,14.3,0,999.9,0,682
"832",3,47.7,7,7.8,0.52,999.9,0,703
"833",4,48.2,10,5.6,0,999.9,0,726
"834",5,50.9,9.7,8.3,0.04,999.9,0,665
"835",6,55.4,10,7.4,0.15,999.9,0,773
"836",7,70.3,9.8,13.8,0.15,999.9,0,817
"837",1,67.8,9.7,12,0.34,999.9,0,686
"838",2,59.7,10,5,0,999.9,0,752
"839",3,58.1,10,9,0,999.9,0,735
"840",4,64.5,9.9,8.1,0,999.9,0,758
"841",5,58.4,9.8,10.9,0.06,999.9,0,713
"842",6,50.6,10,12.6,0,999.9,0,814
"843",7,50.3,10,11.1,0,999.9,0,701
"844",1,54.9,10,4,0,999.9,0,703
"845",2,57.7,10,6.6,0,999.9,0,736
"846",3,66.4,10,9.8,0,999.9,0,757
"847",4,71.3,10,11.2,0,999.9,0,758
"848",5,54.6,8.3,12.2,0.37,999.9,0,716
"849",6,49.6,9.8,5.4,0.11,999.9,0,832
"850",7,45.6,7.5,14.9,0,999.9,0,615
"851",1,45.2,3.9,15,1.88,999.9,0,656
"852",2,51.7,8.1,11.6,1.11,999.9,0,860
"853",3,46.1,9.1,14.9,0.37,999.9,0,689
"854",4,48.1,10,6,0.1,999.9,0,739
"855",5,48.9,10,11.9,0,999.9,0,741
"856",6,49,10,15.1,0,999.9,0,797
"857",7,50.5,9.9,12.3,0.07,999.9,0,713
"858",1,48,10,8.5,0,999.9,0,629
"859",2,46.6,10,6.3,0,999.9,0,705
"860",3,48.3,9.8,5.8,0.3,999.9,0,707
"861",4,55.4,9.5,6.1,0.03,999.9,0,663
"862",5,54.7,6.7,9.3,0.82,999.9,0,734
"863",6,59,10,6.3,0,999.9,0,847
"864",7,63.2,10,6.4,0,999.9,0,724
"865",1,63.3,10,6.2,0,999.9,0,712
"866",2,64.9,10,6.7,0,999.9,0,872
"867",3,76.9,10,10.5,0,999.9,0,747
"868",4,78.9,9.8,15.5,0,999.9,0,834
"869",5,75.5,9.5,16.6,0.48,999.9,0,775
"870",6,48.3,8.8,17.3,0.01,999.9,0,776
"871",7,53.3,9.3,10.6,0.25,999.9,0,664
"872",1,62.1,8.8,9.8,0.4,999.9,0,791
"873",2,59.1,10,12.1,0.07,999.9,0,795
"874",3,60.9,9.4,7.7,0.01,999.9,0,738
"875",4,57,7.7,9.6,0.7,999.9,0,761
"876",5,58.3,9.9,10.4,0.01,999.9,0,763
"877",6,60.8,9.7,5.4,0,999.9,0,767
"878",7,63.4,9.8,6.7,0.26,999.9,0,800
"879",1,67,9.9,5.2,0,999.9,0,705
"880",2,70.1,10,10.6,0.01,999.9,0,768
"881",3,66,10,9.7,0,999.9,0,814
"882",4,64.8,10,8.3,0,999.9,0,738
"883",5,67.1,10,5.3,0,999.9,0,885
"884",6,71.9,10,5.4,0,999.9,0,841
"885",7,75.2,10,6.2,0,999.9,0,823
"886",1,81,10,7.3,0,999.9,0,820
"887",2,71.3,10,9,0,999.9,0,736
"888",3,64.8,10,12.1,0,999.9,0,825
"889",4,67,10,10,0,999.9,0,787
"890",5,70.4,10,4.3,0,999.9,0,769
"891",6,75.6,10,8.6,0.05,999.9,0,816
"892",7,76.1,9.9,12.3,0.02,999.9,0,785
"893",1,82.1,10,13.8,0,999.9,0,813
"894",2,84.7,10,11.8,0,999.9,0,740
"895",3,80.3,10,6.7,0,999.9,0,807
"896",4,77.7,9.1,7.4,0.05,999.9,1,769
"897",5,77.2,10,7.9,1.05,999.9,0,823
"898",6,77.8,10,9.4,0.06,999.9,0,835
"899",7,80.5,10,9.1,0.02,999.9,0,826
"900",1,75.6,10,10.8,0.03,999.9,0,786
"901",2,70.7,10,8.1,0,999.9,0,745
"902",3,66.6,10,8.8,0.23,999.9,0,802
"903",4,68.5,10,5.8,0.01,999.9,0,786
"904",5,79.3,10,10.1,0,999.9,0,819
"905",6,76.7,9.4,10.4,0.02,999.9,0,777
"906",7,70,10,11.6,0.01,999.9,0,819
"907",1,65.4,10,11,0,999.9,0,797
"908",2,64.7,10,10.5,0,999.9,0,787
"909",3,65.3,10,6,0,999.9,0,771
"910",4,69.8,9.9,10.6,0,999.9,0,707
"911",5,76.2,9.9,11.5,0.24,999.9,0,776
"912",6,73.7,8.8,6,0.21,999.9,0,778
"913",7,76.3,10,8.8,0.01,999.9,0,935
"914",1,75.4,10,7.4,0,999.9,0,780
"915",2,75.2,10,6.6,0,999.9,0,863
"916",3,74.5,10,7.9,0.01,999.9,0,796
"917",4,78.3,8.8,6.4,0,999.9,0,858
"918",5,82.2,9.9,5.1,0,999.9,0,781
"919",6,81.5,10,9.1,0,999.9,0,758
"920",7,71.5,10,7.5,0,999.9,0,759
"921",1,74.7,10,7,0,999.9,0,822
"922",2,78.2,9.7,8.4,0.17,999.9,0,779
"923",3,78.2,9.2,4.4,0.22,999.9,0,769
"924",4,77.3,9.4,8.2,0.05,999.9,0,690
"925",5,78.4,10,8.5,0.7,999.9,0,819
"926",6,72.2,9.9,7.6,0,999.9,0,798
"927",7,71,10,5.2,0,999.9,0,888
"928",1,73.1,10,10.3,0,999.9,0,812
"929",2,69.2,10,6.7,0,999.9,0,844
"930",3,76,9.5,3.3,0,999.9,0,792
"931",4,80.5,10,6.8,0,999.9,0,768
"932",5,77.3,9.1,8,0.64,999.9,1,760
"933",6,81.5,10,6.1,0.65,999.9,0,758
"934",7,78,8,8.7,1.21,999.9,1,755
"935",1,80.3,10,5.2,0.03,999.9,0,842
"936",2,71.5,10,10.2,0.03,999.9,0,781
"937",3,73.1,10,7.3,0,999.9,0,850
"938",4,76.6,10,6.8,0,999.9,0,752
"939",5,78.6,8,8.1,0.07,999.9,0,790
"940",6,74.2,10,12.4,0,999.9,0,851
"941",7,72.7,10,11.4,0,999.9,0,800
"942",1,73.5,10,4.9,0,999.9,0,818
"943",2,76.8,10,3.5,0,999.9,0,793
"944",3,77.9,10,4,0,999.9,0,958
"945",4,77.2,9.6,5.4,0,999.9,0,774
"946",5,76.8,9,7.6,0,999.9,0,849
"947",6,62.9,10,12.4,0.66,999.9,0,924
"948",7,67.7,10,7.2,0.01,999.9,0,928
"949",1,71.9,10,6.1,0,999.9,0,865
"950",2,70.5,10,6.6,0,999.9,0,773
"951",3,70.4,10,4.4,0,999.9,0,768
"952",4,74.6,10,3.5,0,999.9,0,769
"953",5,75.6,10,7.7,0,999.9,0,790
"954",6,74,10,8.5,0,999.9,0,765
"955",7,69.4,10,8.4,0,999.9,0,812
"956",1,69.3,10,3.2,0,999.9,0,730
"957",2,74,10,4.8,0,999.9,0,815
"958",3,76.5,9.8,6.6,0,999.9,0,795
"959",4,77.1,9.8,6.5,0,999.9,0,795
"960",5,78.3,9.4,12.4,0.21,999.9,0,768
"961",6,75.1,10,10.3,0.07,999.9,0,859
"962",7,74.8,10,6,0,999.9,0,892
"963",1,77.2,10,5.8,0,999.9,0,776
"964",2,79.5,10,7,0.06,999.9,0,754
"965",3,75.2,9.5,11.1,0.69,999.9,0,780
"966",4,69.5,10,8.2,0.05,999.9,0,747
"967",5,67.7,10,7.5,0,999.9,0,801
"968",6,64.4,10,5.5,0,999.9,0,772
"969",7,68.6,10,5.7,0,999.9,0,780
"970",1,70.3,10,7.4,0,999.9,0,755
"971",2,70.6,9.7,4.6,0.16,999.9,0,688
"972",3,70,8.5,4.1,0.04,999.9,0,724
"973",4,70.3,9.5,4.4,0,999.9,0,788
"974",5,70.1,9.9,11.1,0,999.9,0,735
"975",6,64.5,9.8,12.7,0,999.9,0,919
"976",7,64,10,4.1,0,999.9,0,771
"977",1,68.4,9.7,6.3,0.26,999.9,0,757
"978",2,73.5,9.8,10.9,0,999.9,0,716
"979",3,64.1,10,11,0,999.9,0,704
"980",4,58.4,10,8,0,999.9,0,648
"981",5,60.6,10,7.7,0,999.9,0,728
"982",6,63.5,10,5.3,0,999.9,0,702
"983",7,64.5,10,8.9,0,999.9,0,735
"984",1,62.5,10,6.9,0,999.9,0,739
"985",2,64,10,5.1,0,999.9,0,691
"986",3,67,10,7.2,0,999.9,0,726
"987",4,67.6,9.3,5.2,0,999.9,0,706
"988",5,67.9,7.5,3.9,0.07,999.9,1,734
"989",6,74.9,10,7.5,0,999.9,0,808
"990",7,77.8,10,7.8,0,999.9,0,826
"991",1,78.4,10,7.1,0,999.9,0,812
"992",2,69.2,10,7.5,0,999.9,0,772
"993",3,70.3,7.7,5.7,0.16,999.9,0,708
"994",4,76.7,9.4,7.3,0.07,999.9,0,827
"995",5,84,10,5.9,0,999.9,0,807
"996",6,85.2,10,6,0,999.9,0,798
"997",7,84.4,10,5.3,0,999.9,0,830
"998",1,82.3,10,5.7,0,999.9,0,811
"999",2,81.1,10,5.6,0,999.9,0,821
"1000",3,82,10,7.5,0,999.9,0,749
"1001",4,70.8,10,10.1,0,999.9,0,726
"1002",5,62.9,10,7.8,0,999.9,0,717
"1003",6,64.3,10,9.6,0,999.9,0,810
"1004",7,61.8,10,9.5,0,999.9,0,745
"1005",1,61.5,10,8.2,0,999.9,0,851
"1006",2,70.5,10,9,0,999.9,0,752
"1007",3,72.2,9.3,10.7,0,999.9,0,738
"1008",4,70.7,9.5,9.2,0.12,999.9,0,742
"1009",5,65.9,10,4.4,0.06,999.9,0,747
"1010",6,65.2,4.4,5.7,0.13,999.9,0,748
"1011",7,70.5,8.6,13,0.19,999.9,0,711
"1012",1,65.5,10,9.4,0.44,999.9,0,718
"1013",2,67.5,10,3.2,0,999.9,0,746
"1014",3,63.9,9.4,11.8,0,999.9,0,703
"1015",4,59.5,4.4,13.7,0.99,999.9,0,617
"1016",5,58.1,9.2,6.9,0.16,999.9,0,765
"1017",6,62.1,8.3,6.2,0,999.9,0,768
"1018",7,64.6,5,5,0,999.9,1,647
"1019",1,60.9,8.7,12.9,5.2,999.9,0,639
"1020",2,52.3,10,7.1,0.31,999.9,0,761
"1021",3,57.4,10,9.9,0,999.9,0,719
"1022",4,60,10,10.2,0,999.9,0,774
"1023",5,61.1,10,7.2,0,999.9,0,773
"1024",6,64.7,10,7.4,0,999.9,0,849
"1025",7,68.6,10,11.3,0,999.9,0,814
"1026",1,66,8.6,12.5,0,999.9,0,738
"1027",2,53.1,7.6,8.6,1.19,999.9,0,740
"1028",3,47.8,7.8,11,0.51,999.9,0,689
"1029",4,44.8,10,7,0.43,999.9,0,714
"1030",5,48.2,10,7.5,0,999.9,0,753
"1031",6,45.3,10,13.6,0,999.9,0,818
"1032",7,38.7,9.4,10.9,0,999.9,0,717
"1033",1,40,10,7.6,0.01,999.9,0,696
"1034",2,45,10,11.5,0,999.9,0,708
"1035",3,37.8,10,12.2,0,999.9,0,757
"1036",4,39.8,9.3,6.8,0,999.9,0,819
"1037",5,47.6,2.9,4.9,0.34,999.9,0,722
"1038",6,45.9,8.9,10.4,0.07,999.9,0,789
"1039",7,46,6.3,8.3,0,999.9,1,754
"1040",1,51.5,3.3,2.9,0.44,999.9,1,773
"1041",2,41.7,10,10.3,0.01,999.9,0,717
"1042",3,43.4,10,10.3,0,999.9,0,677
"1043",4,37.8,10,4.6,0,999.9,0,758
"1044",5,39,10,9,0,999.9,0,655
"1045",6,24.9,9.7,8.4,0,999.9,0,678
"1046",7,30.1,10,7.9,0,999.9,0,688
"1047",1,39,8.9,3.5,0.01,999.9,0,665
"1048",2,37.9,6.3,5.2,0.09,999.9,0,718
"1049",3,40.8,7.1,7.3,0,999.9,0,700
"1050",4,47.9,7.9,10.6,0.05,999.9,0,709
"1051",5,36.2,10,10.4,0.18,999.9,0,764
"1052",6,39.5,9.2,8.8,0,999.9,0,738
"1053",7,43.7,4,12.2,0.53,999.9,0,696
"1054",1,35,10,12.3,0.57,999.9,0,690
"1055",2,39.2,10,11.8,0,999.9,0,762
"1056",3,42.1,10,13.3,0,999.9,0,672
"1057",4,29.2,10,8,0.04,999.9,0,655
"1058",5,37.2,10,8,0,999.9,0,543
"1059",6,44.8,10,10,0,999.9,0,683
"1060",7,48.8,10,10.4,0,999.9,0,714
"1061",1,38.9,10,6.6,0,999.9,0,664
"1062",2,46.3,10,4.5,0,999.9,0,774
"1063",3,55.8,10,13.9,0,999.9,0,783
"1064",4,44.3,10,6.8,0,999.9,0,771
"1065",5,47.3,10,8.8,0,999.9,0,750
"1066",6,42.2,10,4.6,0,999.9,0,914
"1067",7,44.2,10,4.9,0,999.9,0,757
"1068",1,44.6,9.9,3.6,0,999.9,0,676
"1069",2,57.1,10,15.2,0,999.9,0,809
"1070",3,41.3,9.9,22.4,0.01,999.9,0,710
"1071",4,31.7,10,13.8,0,999.9,0,712
"1072",5,25.6,9.1,11.3,0,999.9,0,625
"1073",6,25.2,10,10.3,0,999.9,0,735
"1074",7,30,7.8,12.4,0.01,1.2,0,659
"1075",1,26.9,10,9,0,999.9,0,664
"1076",2,31.5,9.9,6.5,0,999.9,0,739
"1077",3,25.2,9,14,0.03,1.2,0,684
"1078",4,27.9,9.6,11.3,0,999.9,0,700
"1079",5,25.2,9.8,10.7,0,999.9,0,718
"1080",6,26.8,9.9,9.1,0,999.9,0,768
"1081",7,39.5,10,7.9,0,999.9,0,772
"1082",1,38.8,9.7,3.3,0,999.9,0,729
"1083",2,43.7,7.7,8.5,0,999.9,0,726
"1084",3,44.2,9.5,11.1,0.02,999.9,0,763
"1085",4,35.1,10,8,0,999.9,0,704
"1086",5,36.1,10,7.5,0,999.9,0,747
"1087",6,38.7,7,6.6,0,999.9,0,784
"1088",7,32.8,8.4,9.3,0,999.9,0,714
"1089",1,22.4,6.2,7.2,0,2,1,503
"1090",2,17,8.9,12.9,0.08,2,0,394
"1091",3,3.6,10,9.8,0,1.2,0,526
"1092",4,2.3,10,7.9,0,1.2,0,523
"1093",5,7.2,8.7,5.1,0,2,0,601
"1094",6,12.7,4.8,6.9,0,2,0,574
"1095",7,10.5,6.9,11.2,0.02,2,0,621
"1096",1,1.1,10,7,0,2,0,541
"1097",2,-0.5,10,9.2,0,2,0,0.922924901185771
"1098",3,-2.8,10,9.2,0,2,0,0.553359683794466
"1099",4,12.2,8.1,11,0,2,0,0.568181818181818
"1100",5,8.3,9.6,11.1,0,2,0,0.594861660079051
"1101",6,5.3,10,9.2,0,2,0,0.656126482213439
"1102",7,6.7,10,5.5,0,2,0,0.579051383399209
"1103",1,17.7,9.6,11.1,0,1.2,0,0.526679841897233
"1104",2,34,6.5,12,0.03,1.2,0,0.611660079051383
"1105",3,30.5,3.9,6,0,1.2,1,0.644268774703557
"1106",4,38.6,2.4,10.6,0,1.2,1,0.711462450592885
"1107",5,56.6,8.7,15.9,0.01,999.9,0,0.691699604743083
"1108",6,24.3,9.4,16.8,0.14,999.9,0,0.698616600790514
"1109",7,14,9.4,12.5,0,999.9,0,0.609683794466403
"1110",1,13.2,9.8,6.4,0,999.9,0,0.557312252964427
"1111",2,19,2.5,10.8,0.02,1.2,0,0.521739130434783
"1112",3,14.4,4.7,10.2,0.01,1.2,0,0.606719367588933
"1113",4,14.3,9.8,8.2,0,1.2,0,0.641304347826087
"1114",5,22.6,9.9,14.9,0,1.2,0,0.618577075098814
"1115",6,32.6,10,12.5,0,1.2,0,0.700592885375494
"1116",7,39.7,10,10.4,0,999.9,0,0.721343873517787
"1117",1,41.8,5.2,4.7,0,999.9,0,0.709486166007905
"1118",2,48.9,4.2,9,0.4,999.9,1,0.715415019762846
"1119",3,36,8.3,10.1,0.29,999.9,0,0.709486166007905
"1120",4,29.4,9.6,5.9,0.01,999.9,0,0.605731225296443
"1121",5,32.9,9.4,7.6,0,999.9,0,0.633399209486166
"1122",6,43.4,10,12.3,0,999.9,0,0.75395256916996
"1123",7,48.5,10,13.8,0,999.9,0,0.745059288537549
"1124",1,36.3,10,6.2,0,999.9,0,0.66304347826087
"1125",2,28.4,9.5,13.2,0,999.9,0,0.644268774703557
"1126",3,22.2,10,6.8,0,999.9,0,0.628458498023715
"1127",4,35.8,10,14.5,0,999.9,0,0.699604743083004
"1128",5,28.8,10,11.5,0,999.9,0,0.727272727272727
"1129",6,11.8,10,10.2,0,999.9,0,0.66600790513834
"1130",7,27.6,10,11.4,0,999.9,0,0.621541501976285
"1131",1,26.7,6.7,13.3,0.01,2,0,0.505928853754941
"1132",2,6.6,8.8,7,0.01,2,1,0.535573122529644
"1133",3,13.4,7.5,4.8,0.15,3.1,1,0.58102766798419
"1134",4,18.4,5.9,7.1,0.05,3.9,0,0.536561264822134
"1135",5,14.4,8.7,6.9,0.04,3.1,0,0.548418972332016
"1136",6,24.8,1.5,7.6,0.34,11,1,0.49901185770751
"1137",7,21,7.9,10.5,0.14,9.8,0,0.527667984189723
"1138",1,22.4,5.4,8,0.19,13,1,0.530632411067194
"1139",2,16.9,10,6.4,0.15,11.8,0,0.565217391304348
"1140",3,24.5,10,5.7,0,11,0,0.636363636363636
"1141",4,34,6.8,7.4,0,5.9,0,0.653162055335968
"1142",5,41.5,1.3,5.8,0,2,1,0.689723320158103
"1143",6,36.2,9.9,10.6,0,1.2,0,0.655138339920949
"1144",7,25.4,9,6.7,0,2,1,0.596837944664032
"1145",1,29,8.6,8.9,0.09,1.2,0,0.5800395256917
"1146",2,44.5,7.3,8.9,0,999.9,0,0.617588932806324
"1147",3,59.3,6.7,11.5,1.94,999.9,0,0.637351778656126
"1148",4,32.8,8.1,10.2,1.22,999.9,0,0.631422924901186
"1149",5,34.6,10,12.7,0.11,999.9,0,0.66897233201581
"1150",6,40.7,6.5,10.3,0.14,999.9,0,0.66304347826087
"1151",7,37.7,8.4,9.5,0,999.9,0,0.672924901185771
"1152",1,41.6,9.3,17.9,0.11,999.9,0,0.647233201581028
"1153",2,41.9,10,8.1,0.03,999.9,0,0.617588932806324
"1154",3,50.1,10,11.1,0,999.9,0,0.682806324110672
"1155",4,51.8,9.5,9.9,0,999.9,0,0.639328063241107
"1156",5,39.5,7.2,11.7,0,999.9,0,0.815217391304348
"1157",6,37.4,10,6,0.32,999.9,0,0.682806324110672
"1158",7,38.1,10,7.3,0,999.9,0,0.656126482213439
"1159",1,38.6,10,8.8,0,999.9,0,0.640316205533597
"1160",2,37.9,10,13.8,0,999.9,0,0.657114624505929
"1161",3,36.1,5.5,8.4,0.08,999.9,0,0.645256916996047
"1162",4,31.7,8,11.9,0.04,999.9,0,0.648221343873518
"1163",5,28.8,10,10,0.01,999.9,0,0.652173913043478
"1164",6,30.1,10,5.8,0,999.9,0,0.736166007905138
"1165",7,33.4,10,5.4,0,999.9,0,0.675889328063241
"1166",1,35.1,10,8.4,0,999.9,0,0.611660079051383
"1167",2,36.9,10,7.7,0,999.9,0,0.653162055335968
"1168",3,31.8,8.6,9.2,0,1.2,1,0.630434782608696
"1169",4,31.7,10,9.9,0,999.9,0,0.656126482213439
"1170",5,39.9,10,7.3,0,999.9,0,0.682806324110672
"1171",6,32.6,10,11.4,0,999.9,0,0.693675889328063
"1172",7,36.7,9.5,9.7,0.14,999.9,0,0.767786561264822
"1173",1,40.8,10,2.9,0,999.9,0,0.679841897233202
"1174",2,41.5,10,11.8,0,999.9,0,0.651185770750988
"1175",3,33.8,10,17,0,999.9,0,0.703557312252964
"1176",4,34.3,10,13,0,999.9,0,0.679841897233202
"1177",5,35.3,10,6,0,999.9,0,0.662055335968379
"1178",6,36.7,10,7.8,0,999.9,0,0.743083003952569
"1179",7,36.8,10,15,0,999.9,0,0.641304347826087
"1180",1,34.6,10,13.4,0,999.9,0,0.66897233201581
"1181",2,41.4,10,10,0,999.9,0,0.687747035573123
"1182",3,49.9,5.7,10.4,0.39,999.9,0,0.66501976284585
"1183",4,45.7,9.9,5.3,0.04,999.9,0,0.680830039525692
"1184",5,45.4,6.1,6.9,0.08,999.9,0,0.621541501976285
"1185",6,39.6,10,7.7,0,999.9,0,0.695652173913043
"1186",7,46,9.8,11.5,0,999.9,0,0.681818181818182
"1187",1,33.8,10,8.8,0.05,999.9,0,0.721343873517787
"1188",2,33.1,10,5.9,0,999.9,0,0.66600790513834
"1189",3,40.2,5,9.5,0,999.9,0,0.597826086956522
"1190",4,32.8,7.1,14.6,0.07,999.9,0,0.689723320158103
"1191",5,32.3,9.3,7.1,0,999.9,0,0.66403162055336
"1192",6,35.6,6.6,10.5,0.09,999.9,0,0.686758893280632
"1193",7,29.2,10,8.7,0,999.9,0,0.627470355731225
"1194",1,31.9,10,5,0,999.9,0,0.609683794466403
"1195",2,34.5,6.1,6.8,0.03,1.2,0,0.653162055335968
"1196",3,37.1,8.7,5.7,0,999.9,0,0.704545454545455
"1197",4,48.5,9.8,9.6,0,999.9,0,0.759881422924901
"1198",5,59.5,9.3,10.6,0.02,999.9,0,0.742094861660079
"1199",6,45.8,9.3,9.5,0.02,999.9,0,0.771739130434783
"1200",7,40.4,4.7,16.9,0.29,999.9,0,0.680830039525692
"1201",1,36.7,7.3,13.2,0.47,999.9,0,0.595849802371542
"1202",2,31.3,6.8,13.2,0.33,999.9,0,0.724308300395257
"1203",3,35,10,10.7,0,999.9,0,0.690711462450593
"1204",4,35.1,8.9,9.7,0,999.9,0,0.619565217391304
"1205",5,41.1,7.3,9.4,0.1,999.9,0,0.715415019762846
"1206",6,46.8,10,4.6,0.03,999.9,0,0.793478260869565
"1207",7,47.2,10,4.1,0,999.9,0,0.66897233201581
"1208",1,51,10,9.2,0,999.9,0,0.689723320158103
"1209",2,51.9,10,9.1,0,999.9,0,0.707509881422925
"1210",3,55.8,10,6.3,0,999.9,0,0.704545454545455
"1211",4,49,10,12.1,0,999.9,0,0.741106719367589
"1212",5,49.3,10,3.2,0,999.9,0,0.724308300395257
"1213",6,51.9,10,10.2,0,999.9,0,0.762845849802372
"1214",7,43.9,10,13.4,0.03,999.9,0,0.670948616600791
"1215",1,44.5,10,5.8,0,999.9,0,0.716403162055336
"1216",2,57.9,10,9.5,0,999.9,0,0.779644268774704
"1217",3,71.7,10,13,0,999.9,0,0.99604743083004
"1218",4,77.2,10,14.8,0,999.9,1,0.779644268774704
"1219",5,65.4,7.7,6.4,0.45,999.9,0,0.733201581027668
"1220",6,67.9,10,14.7,0.19,999.9,0,0.804347826086957
"1221",7,70.7,10,7.1,0,999.9,0,0.843873517786561
"1222",1,63.5,10,8,0,999.9,0,0.706521739130435
"1223",2,60.3,10,5.9,0,999.9,0,0.794466403162055
"1224",3,69.8,10,6,0,999.9,0,0.793478260869565
"1225",4,71.1,9.8,11.3,0,999.9,0,0.782608695652174
"1226",5,66.1,9.8,9.5,0.21,999.9,0,0.769762845849802
"1227",6,53.5,10,12,0.04,999.9,0,0.720355731225296
"1228",7,49.1,7.9,10.5,0.02,999.9,0,0.690711462450593
"1229",1,54.4,8.1,7.1,0.43,999.9,0,0.680830039525692
"1230",2,63.8,8.4,8.3,0.37,999.9,1,0.778656126482213
"1231",3,64,7.2,8.2,0.92,999.9,0,0.734189723320158
"1232",4,62.6,10,5.6,0,999.9,0,0.75
"1233",5,65.2,9.6,5.9,0,999.9,0,0.784584980237154
"1234",6,58.4,10,9.1,0,999.9,0,0.790513833992095
"1235",7,61.1,4.8,5.1,0.03,999.9,0,0.75
"1236",1,51.5,9.2,9.1,0.01,999.9,0,0.75395256916996
"1237",2,54.8,6.4,5.8,0.12,999.9,0,0.705533596837945
"1238",3,60,4,4.3,1.24,999.9,1,0.787549407114625
"1239",4,63.7,8.3,3.2,0.05,999.9,0,0.771739130434783
"1240",5,71.8,10,5.3,0,999.9,0,0.809288537549407
"1241",6,78.5,10,6.6,0,999.9,0,0.794466403162055
"1242",7,78.3,9.1,5.2,0.13,999.9,0,0.842885375494071
"1243",1,83.4,10,4.1,0,999.9,0,0.872529644268775
"1244",2,84.1,10,6.5,0,999.9,0,0.877470355731225
"1245",3,77.7,10,4.6,0,999.9,0,0.863636363636364
"1246",4,77.5,9.9,7.8,0,999.9,0,0.83695652173913
"1247",5,77.7,9.8,9.1,0.22,999.9,0,0.83102766798419
"1248",6,71.1,9.9,8.3,0,999.9,0,1
"1249",7,60.9,10,8.7,0,999.9,0,0.809288537549407
"1250",1,67.5,9.2,10.8,0.54,999.9,0,0.825098814229249
"1251",2,68,10,9.6,0,999.9,0,0.780632411067194
"1252",3,67.2,10,11.2,0,999.9,0,0.743083003952569
"1253",4,63.5,10,7.1,0.01,999.9,0,0.805335968379447
"1254",5,73.8,10,6.4,0.04,999.9,0,0.757905138339921
"1255",6,65.6,10,6.8,0,999.9,0,0.764822134387352
"1256",7,66.5,8.6,4.6,0.28,999.9,0,0.806324110671937
"1257",1,65.5,4.4,5.5,0.29,999.9,1,0.722332015810277
"1258",2,64.1,3.9,8.7,0.1,999.9,0,0.739130434782609
"1259",3,70.6,6.3,6,0,999.9,0,0.783596837944664
"1260",4,75.1,7.5,7,0,999.9,0,0.742094861660079
"1261",5,72.9,10,3.9,0,999.9,0,0.74703557312253
"1262",6,76.6,10,6.7,0,999.9,0,0.829051383399209
"1263",7,82.2,9.5,9,0.63,999.9,0,0.815217391304348
"1264",1,86.3,10,9.3,0,999.9,0,0.819169960474308
"1265",2,86.7,10,11.4,0,999.9,0,0.83498023715415
"1266",3,73.3,9.2,6.6,0.08,999.9,0,0.785573122529644
"1267",4,70.4,9.8,6.3,0.03,999.9,0,0.878458498023715
"1268",5,66.5,4.4,10.6,0.11,999.9,1,0.659090909090909
"1269",6,63.2,6.2,12.3,2.56,999.9,1,0.714426877470356
"1270",7,68.3,8.7,5.4,0.73,999.9,0,0.829051383399209
"1271",1,73.7,10,6.3,0,999.9,0,0.858695652173913
"1272",2,70.1,10,10,0,999.9,0,0.843873517786561
"1273",3,74.9,10,9.7,0,999.9,0,0.785573122529644
"1274",4,73.3,9.1,7.4,0.96,999.9,0,0.816205533596838
"1275",5,76.1,8.5,3.2,0.04,999.9,0,0.812252964426877
"1276",6,83.5,10,8.4,0,999.9,0,0.770750988142292
"1277",7,87.3,10,9.9,0,999.9,0,0.856719367588933
"1278",1,84.9,9.9,11.2,0,999.9,0,0.966403162055336
"1279",2,77.2,10,6.4,0.01,999.9,0,0.849802371541502
"1280",3,78.5,10,6.1,0,999.9,0,0.816205533596838
"1281",4,83.9,9.8,6.9,0,999.9,0,0.819169960474308
"1282",5,80.3,7.8,6.7,0.15,999.9,0,0.83102766798419
"1283",6,74.8,10,11.1,0.52,999.9,0,0.878458498023715
"1284",7,71.7,10,7,0,999.9,0,0.821146245059289
"1285",1,75.6,10,4.7,0,999.9,0,0.815217391304348
"1286",2,80.1,10,7.3,0,999.9,0,0.792490118577075
"1287",3,82.2,10,8.5,0,999.9,0,0.800395256916996
"1288",4,78.3,10,6.7,0,999.9,0,0.728260869565217
"1289",5,79.3,10,7.7,0,999.9,0,0.788537549407115
"1290",6,82.1,10,7.9,0,999.9,0,0.809288537549407
"1291",7,78.3,9.8,5,0.01,999.9,0,0.778656126482213
"1292",1,81,8.7,4.7,0.22,999.9,0,0.802371541501976
"1293",2,83,9.7,4.7,0,999.9,0,0.773715415019763
"1294",3,77,9.9,7.3,0.17,999.9,0,0.736166007905138
"1295",4,72.6,10,7.8,0,999.9,0,0.8300395256917
"1296",5,76.7,10,7.4,0,999.9,0,0.768774703557312
"1297",6,75.7,9.6,11.5,0.01,999.9,0,0.811264822134387
"1298",7,71.5,8.8,10.8,0.52,999.9,0,0.790513833992095
"1299",1,71.6,9,11.9,0.06,999.9,0,0.785573122529644
"1300",2,73.6,10,8.8,0.26,999.9,0,0.83596837944664
"1301",3,75.7,9.6,4.8,0,999.9,0,0.788537549407115
"1302",4,79.1,10,5.5,0,999.9,0,0.798418972332016
"1303",5,77.5,10,8.9,0,999.9,0,0.791501976284585
"1304",6,71.1,10,8.3,0,999.9,0,0.790513833992095
"1305",7,71.9,10,4.8,0,999.9,0,0.797430830039526
"1306",1,72.4,10,4,0,999.9,0,0.766798418972332
"1307",2,72.5,10,5.7,0,999.9,0,0.772727272727273
"1308",3,74.3,10,6.7,0,999.9,0,0.820158102766798
"1309",4,73.7,8.8,5.8,0.01,999.9,0,0.922924901185771
"1310",5,77.7,10,7.8,0.04,999.9,0,0.841897233201581
"1311",6,77.1,9.3,4.9,0,999.9,0,0.880434782608696
"1312",7,83.2,10,7.9,0,999.9,0,0.891304347826087
"1313",1,84.5,10,11.4,0,999.9,0,0.849802371541502
"1314",2,79.3,10,7.1,0.07,999.9,0,0.792490118577075
"1315",3,76.5,8.7,3.9,0.06,999.9,1,0.775691699604743
"1316",4,74.6,8.8,4.2,0.63,999.9,0,0.782608695652174
"1317",5,78.5,10,7.9,0.01,999.9,0,0.758893280632411
"1318",6,77.8,9.7,6.3,0.07,999.9,0,0.846837944664032
"1319",7,78.4,10,6.1,0,999.9,0,0.849802371541502
"1320",1,79.9,10,5.4,0,999.9,0,0.83201581027668
"1321",2,77.9,9.4,4,0,999.9,0,0.813241106719368
"1322",3,80.5,9.5,4.2,0,999.9,0,0.819169960474308
"1323",4,80.2,9.9,6,0,999.9,0,0.786561264822134
"1324",5,77.3,9.4,4.5,0.13,999.9,0,0.827075098814229
"1325",6,75.7,8.8,5.1,0.18,999.9,0,0.800395256916996
"1326",7,76.7,9,7,0.06,999.9,0,0.899209486166008
"1327",1,76.5,10,5.4,0,999.9,0,0.783596837944664
"1328",2,75.8,9.5,9.2,0,999.9,0,0.738142292490119
"1329",3,73.1,8.5,7.3,0.29,999.9,0,0.713438735177866
"1330",4,71.1,9.9,9.2,0.03,999.9,0,0.839920948616601
"1331",5,70.9,10,5.8,0,999.9,0,0.719367588932806
"1332",6,69.2,9.9,8.8,0,999.9,0,0.780632411067194
"1333",7,72.9,6.7,9.1,0.11,999.9,0,0.826086956521739
"1334",1,83.5,8.3,6.8,0.06,999.9,0,0.783596837944664
"1335",2,86.2,9.7,13.8,0,999.9,0,0.814229249011858
"1336",3,83.1,9.9,12.8,0,999.9,0,0.792490118577075
"1337",4,72.2,8.1,7.6,0.84,999.9,0,0.741106719367589
"1338",5,68.5,10,7.5,0.02,999.9,0,0.810276679841897
"1339",6,72.4,10,5.9,0,999.9,0,0.823122529644269
"1340",7,76.9,9.7,9.3,1.07,999.9,0,0.968379446640316
"1341",1,82.3,10,9.9,0.04,999.9,0,0.822134387351779
"1342",2,78.6,9.5,6.5,0.01,999.9,0,0.766798418972332
"1343",3,79.9,10,7.5,0.44,999.9,0,0.809288537549407
"1344",4,83.1,10,10.1,0,999.9,0,0.708498023715415
"1345",5,70.6,8.6,9.7,0.45,999.9,0,0.731225296442688
"1346",6,68.9,9.3,9.7,0.46,999.9,0,0.720355731225296
"1347",7,67.1,10,15.4,0.08,999.9,0,0.780632411067194
"1348",1,65,10,15.3,0,999.9,0,0.656126482213439
"1349",2,66.6,10,9.3,0,999.9,0,0.707509881422925
"1350",3,67.5,9.3,3.4,0,999.9,0,0.683794466403162
"1351",4,68.5,10,5.4,0,999.9,0,0.705533596837945
"1352",5,66.9,10,4.3,0,999.9,0,0.678853754940711
"1353",6,70.6,10,4.6,0,999.9,0,0.859683794466403
"1354",7,70.3,10,5.1,0,999.9,0,0.796442687747036
"1355",1,74.9,9.7,6.8,0,999.9,0,0.809288537549407
"1356",2,79.1,10,3.9,0,999.9,0,0.776679841897233
"1357",3,75.3,9.9,5.3,0,999.9,0,0.728260869565217
"1358",4,71.1,10,8.7,0,999.9,0,0.75197628458498
"1359",5,78.1,8.1,6.6,0,999.9,0,0.819169960474308
"1360",6,78.4,10,14.2,0,999.9,0,0.815217391304348
"1361",7,60.3,10,10.7,0,999.9,0,0.789525691699605
"1362",1,61.2,10,5,0,999.9,0,0.726284584980237
"1363",2,65.1,8.9,6.7,0,999.9,0,0.786561264822134
"1364",3,73.2,8.3,7.7,0.52,999.9,0,0.742094861660079
"1365",4,61.5,10,9.3,0.24,999.9,0,0.742094861660079
"1366",5,59,10,6.1,0,999.9,0,0.699604743083004
"1367",6,58.2,9.9,6.8,0,999.9,0,0.782608695652174
"1368",7,51.2,10,4.9,0.05,999.9,0,0.723320158102767
"1369",1,59.3,9.9,6.8,0.03,999.9,0,0.732213438735178
"1370",2,62.5,9.1,7.1,0.01,999.9,0,0.902173913043478
"1371",3,64.1,8.9,5.6,1.39,999.9,0,0.708498023715415
"1372",4,71.3,9.8,10.9,0.18,999.9,0,0.66798418972332
"1373",5,66.2,9.8,14.8,0.06,999.9,0,0.688735177865613
"1374",6,58.3,7.7,8.3,0.24,999.9,0,0.646245059288538
"1375",7,64.9,6.5,6.9,1.26,999.9,0,0.717391304347826
"1376",1,59.2,9.2,8.6,0.19,999.9,0,0.709486166007905
"1377",2,70.9,6.6,8.2,0.84,999.9,0,0.732213438735178
"1378",3,77.3,10,8,0.12,999.9,0,0.737154150197628
"1379",4,72.9,9.2,10.6,0.09,999.9,1,0.715415019762846
"1380",5,51.3,10,15.3,1.11,999.9,0,0.670948616600791
"1381",6,40.2,9.9,6.9,0,999.9,0,0.696640316205534
"1382",7,41.6,8.9,7.3,0,999.9,0,0.735177865612648
"1383",1,47.9,10,5.3,0,999.9,0,0.693675889328063
"1384",2,44.5,8.8,10.5,0.17,999.9,0,0.696640316205534
"1385",3,44,10,10,0.08,999.9,0,0.659090909090909
"1386",4,47.6,10,10.4,0,999.9,0,0.681818181818182
"1387",5,45.5,10,5.8,0,999.9,0,0.715415019762846
"1388",6,49.1,9.4,9.7,0,999.9,0,0.756916996047431
"1389",7,47.4,10,14.5,0.06,999.9,0,0.795454545454545
"1390",1,38.1,10,8.5,0,999.9,0,0.636363636363636
"1391",2,47.8,10,6.7,0,999.9,0,0.706521739130435
"1392",3,48.6,10,7.7,0,999.9,0,0.727272727272727
"1393",4,44.3,10,3.2,0,999.9,0,0.795454545454545
"1394",5,44.9,10,4.4,0,999.9,0,0.711462450592885
"1395",6,48.9,10,7.3,0,999.9,0,0.819169960474308
"1396",7,49.8,9.9,5.4,0,999.9,0,0.778656126482213
"1397",1,47.7,8.9,10.4,0.14,999.9,0,0.706521739130435
"1398",2,46.9,10,6.3,0.01,999.9,0,0.714426877470356
"1399",3,53.5,9.9,7.1,0,999.9,0,0.755928853754941
"1400",4,55,6.5,7.5,0.81,999.9,0,0.874505928853755
"1401",5,50.7,10,10.1,0.26,999.9,0,0.924901185770751
"1402",6,45.2,10,8.9,0,999.9,0,0.775691699604743
"1403",7,43,10,4.2,0,999.9,0,0.772727272727273
"1404",1,49,8.6,13.3,0.1,999.9,0,0.676877470355731
"1405",2,48.3,9.2,10.3,0.36,999.9,0,0.698616600790514
"1406",3,48.3,7.7,12.8,0.29,999.9,0,0.75395256916996
"1407",4,38.5,10,14.5,0.01,999.9,0,0.676877470355731
"1408",5,35.9,10,5.7,0,999.9,0,0.66699604743083
"1409",6,35,6.8,7.7,0.04,999.9,0,0.709486166007905
"1410",7,25.3,9.9,12.5,0.02,999.9,0,0.643280632411067
"1411",1,33,10,8,0,999.9,0,0.640316205533597
"1412",2,34.5,10,6.5,0,999.9,0,0.678853754940711
"1413",3,25.2,9.7,10.7,0,999.9,0,0.601778656126482
"1414",4,25.8,10,5.2,0,999.9,0,0.631422924901186
"1415",5,32.1,7.5,5.5,0,1.2,1,0.683794466403162
"1416",6,34.2,7.2,10.3,0.08,999.9,0,0.724308300395257
"1417",7,34.8,6.3,5.8,0,999.9,0,0.661067193675889
"1418",1,34.4,8.5,6.4,0.15,999.9,0,0.621541501976285
"1419",2,28.4,9,6.2,0.03,999.9,0,0.631422924901186
"1420",3,32.3,9.4,9.3,0,999.9,0,0.690711462450593
"1421",4,32.6,9.8,10.2,0,999.9,0,0.732213438735178
"1422",5,33.9,9.8,9.2,0,999.9,0,0.534584980237154
"1423",6,40.8,8,10.1,0,999.9,0,0.741106719367589
"1424",7,45.4,8.2,10,0.17,999.9,0,0.688735177865613
"1425",1,39.5,9.8,9.3,0.13,999.9,0,0.567193675889328
"1426",2,31.3,4.6,19.3,0.89,2,1,0.554347826086957
"1427",3,24,9.2,8.9,0.12,2,0,0.629446640316206
"1428",4,22.1,9.5,5.4,0,2,0,0.705533596837945
"1429",5,31,7.7,5.6,0,2,0,0.66699604743083
"1430",6,36.2,6.1,3.4,0,1.2,0,0.742094861660079
"1431",7,38.5,4.4,11.6,0,1.2,0,0.803359683794466
"1432",1,43.4,7.4,7.2,0.85,999.9,1,0.702569169960474
"1433",2,34.8,7.8,12,0.04,999.9,0,0.760869565217391
"1434",3,30.8,10,8.4,0,999.9,0,0.715415019762846
"1435",4,28.3,9.5,9.1,0,999.9,0,0.702569169960474
"1436",5,30.7,9.4,9.3,0,999.9,0,0.710474308300395
"1437",6,21.5,10,7.3,0,999.9,0,0.738142292490119
"1438",7,24.5,10,4.5,0,999.9,0,0.730237154150198
"1439",1,25.1,8.9,2.7,0,999.9,0,0.681818181818182
"1440",2,24,7.5,5.2,0,999.9,0,0.707509881422925
"1441",3,30.5,6.8,7,0,999.9,0,0.66304347826087
"1442",4,36,8.5,10.3,0,999.9,0,0.75
"1443",5,34.3,7.2,5.2,0,999.9,0,0.703557312252964
"1444",6,40.6,1.7,6.4,0.36,999.9,1,0.783596837944664
"1445",7,38.5,5.7,7.5,0.14,999.9,0,0.735177865612648
"1446",1,36.9,7.4,5.8,0,999.9,1,0.741106719367589
"1447",2,35.6,10,6.8,0,999.9,0,0.703557312252964
"1448",3,30.5,9.8,4.5,0,999.9,0,0.706521739130435
"1449",4,40.1,10,9.3,0,999.9,0,0.731225296442688
"1450",5,45.4,7.8,6.4,0,999.9,0,0.778656126482213
"1451",6,36.9,6.2,13.1,0.06,999.9,0,0.791501976284585
"1452",7,31.3,9.9,7.2,0.04,999.9,0,0.75098814229249
"1453",1,34.4,9.1,8.2,0,999.9,0,0.628458498023715
"1454",2,30.3,10,9.8,0,999.9,0,0.601778656126482
"1455",3,35.7,9.8,5.4,0.01,999.9,0,0.442687747035573
"1456",4,36.7,10,2.5,0,999.9,0,0.619565217391304
"1457",5,43.8,8.9,14.2,0,999.9,0,0.619565217391304
"1458",6,43.2,9.1,15.6,0.52,999.9,0,0.716403162055336
"1459",7,29.5,6.5,7.2,0.01,999.9,0,0.687747035573123
"1460",1,27,9.7,10.6,0,999.9,0,0.662055335968379
"1461",2,36.4,6.3,8,0,999.9,0,0.640316205533597
"1462",3,32.6,7.7,9.1,0.66,999.9,0,1
"1463",4,29.5,6.5,6.7,0,999.9,0,0.628846153846154
"1464",5,30.8,9.7,9.8,0,999.9,0,0.723076923076923
"1465",6,37.9,10,8.4,0,999.9,0,0.7375
"1466",7,39.8,10,6.8,0,999.9,0,0.761538461538461
"1467",1,40.2,10,9.5,0,999.9,0,0.638461538461538
"1468",2,45.6,8.8,15.5,0,999.9,0,0.65
"1469",3,42.8,8.2,11.9,0.38,999.9,0,0.673076923076923
"1470",4,23.8,9.6,15,0,999.9,0,0.606730769230769
"1471",5,19.4,10,6.8,0,999.9,0,0.659615384615385
"1472",6,26.7,9.5,4.4,0,999.9,0,0.753846153846154
"1473",7,30.3,5.6,8,0,3.1,1,0.646153846153846
"1474",1,30.3,6.9,13.3,0.07,3.1,0,0.550961538461539
"1475",2,26.2,9.2,7,0,3.1,0,0.610576923076923
"1476",3,26.4,6.5,10.9,0,3.1,0,0.669230769230769
"1477",4,32.4,7.9,8.8,0,2,0,0.672115384615385
"1478",5,31.5,7.5,5.4,0,1.2,0,0.627884615384615
"1479",6,31.5,9,7.9,0,1.2,0,0.641346153846154
"1480",7,27.6,4.7,16.4,0.03,5.9,0,0.5
"1481",1,14.8,7.8,14.5,0.01,5.9,0,0.474038461538462
"1482",2,10.9,8.6,7.9,0,5.9,0,0.533653846153846
"1483",3,20.3,7.7,10.4,0,5.1,0,0.6
"1484",4,31.4,3.7,7.7,0.23,5.1,0,0.635576923076923
"1485",5,17.9,6.8,9.1,0.07,3.9,0,0.583653846153846
"1486",6,2.8,8.9,12.8,0,5.1,0,0.563461538461538
"1487",7,4.6,8.8,6.1,0,5.1,0,0.510576923076923
"1488",1,5.5,8.3,6.3,0.03,5.9,0,0.501923076923077
"1489",2,20.4,4.3,11.6,0.15,7.1,1,0.500961538461538
"1490",3,6.4,7.5,14.8,0.1,5.9,0,0.475
"1491",4,-13.5,10,15.8,0,5.9,0,0.327884615384615
"1492",5,-12.5,9.1,7.7,0,5.9,0,0.440384615384615
"1493",6,9.2,6.3,4.3,0.03,7.1,0,0.743269230769231
"1494",7,26.6,7.5,8.6,0,3.9,0,0.694230769230769
"1495",1,41,6.5,9.7,0,1.2,0,0.571153846153846
"1496",2,47.3,7.8,9.5,0,999.9,0,0.706730769230769
"1497",3,30.8,9.9,9.6,0.02,999.9,0,0.626923076923077
"1498",4,34.5,5,6.3,0.26,999.9,1,0.611538461538462
"1499",5,35.9,3.9,8.6,0.33,999.9,1,0.644230769230769
"1500",6,11.5,8.2,18.7,0.13,999.9,0,0.617307692307692
"1501",7,13.5,10,6.5,0,999.9,0,0.726923076923077
"1502",1,24.9,8.4,6.6,0,1.2,0,0.613461538461539
"1503",2,29.6,5.5,7.9,0.04,1.2,0,0.6
"1504",3,31.6,3,11.1,0.44,1.2,0,0.639423076923077
"1505",4,20.6,6.8,16.7,0.01,1.2,0,0.618269230769231
"1506",5,36.8,10,9,0,1.2,0,0.713461538461538
"1507",6,23.7,9.3,12.9,0,999.9,0,0.710576923076923
"1508",7,22.2,10,7.6,0,999.9,0,0.65
"1509",1,26.7,7.5,10.5,0,999.9,0,0.593269230769231
"1510",2,26.8,4.6,6.6,0.11,3.1,0,0.567307692307692
"1511",3,24.1,10,3.1,0.02,2,0,0.5875
"1512",4,31.6,6.1,11.2,0.01,1.2,0,0.607692307692308
"1513",5,31.9,9.8,12.3,0.03,1.2,0,0.669230769230769
"1514",6,30.4,9.7,6,0,999.9,0,0.685576923076923
"1515",7,35.6,7,7.7,0,999.9,0,0.622115384615385
"1516",1,36.3,8,18.8,0.42,999.9,1,0.525961538461538
"1517",2,15.6,10,12.9,0.01,999.9,0,0.572115384615385
"1518",3,21.5,9.6,9.4,0,999.9,0,0.584615384615385
"1519",4,26.3,9,8.6,0,999.9,0,0.624038461538462
"1520",5,20.1,10,5.8,0,999.9,0,0.571153846153846
"1521",6,28.6,10,4.9,0,999.9,0,0.720192307692308
"1522",7,30.8,8.7,6.5,0,999.9,0,0.6375
"1523",1,23.8,10,9.3,0,999.9,0,0.529807692307692
"1524",2,6.6,10,12.6,0,999.9,0,0.523076923076923
"1525",3,13.2,8.8,14.2,0,999.9,0,0.520192307692308
"1526",4,18.1,10,11.8,0,999.9,0,0.603846153846154
"1527",5,24.2,10,7.7,0,999.9,0,0.585576923076923
"1528",6,29.4,8,5.2,0,999.9,0,0.689423076923077
"1529",7,35,7.8,10.5,0,999.9,0,0.593269230769231
"1530",1,37.9,8.9,18.2,0.37,999.9,0,0.588461538461538
"1531",2,33.3,10,9.9,0,999.9,0,0.673076923076923
"1532",3,36.3,10,6.2,0,999.9,0,0.602884615384615
"1533",4,47.1,9,10.7,0.15,999.9,0,0.661538461538462
"1534",5,56.2,8.8,15,0.32,999.9,0,0.648076923076923
"1535",6,38.6,8.3,15.7,0.32,999.9,0,0.705769230769231
"1536",7,35.5,10,10.3,0,999.9,0,0.736538461538462
"1537",1,36,9.9,6.2,0,999.9,0,0.5875
"1538",2,36.1,9.8,6.1,0,999.9,0,0.625961538461538
"1539",3,39.8,10,6.7,0,999.9,0,0.618269230769231
"1540",4,42.5,7.7,7.7,0,999.9,0,0.664423076923077
"1541",5,40.4,7.5,9.2,0.08,999.9,0,0.6625
"1542",6,40.6,10,10.4,0,999.9,0,0.681730769230769
"1543",7,37.9,10,3.6,0,999.9,0,0.663461538461538
"1544",1,46,9.8,4.6,0,999.9,0,0.623076923076923
"1545",2,37.6,9.6,15,0.11,999.9,0,0.614423076923077
"1546",3,36.1,10,6.4,0,999.9,0,0.645192307692308
"1547",4,42.8,10,7.8,0,999.9,0,0.671153846153846
"1548",5,53.5,9.7,11.3,0.08,999.9,0,0.656730769230769
"1549",6,47.5,10,7,0.01,999.9,0,0.648076923076923
"1550",7,40.2,7.3,11.3,0.61,999.9,0,0.6375
"1551",1,31.9,9.6,12.6,0.22,999.9,0,0.6125
"1552",2,36.5,10,9.6,0,999.9,0,0.759615384615385
"1553",3,44.9,9.8,12.9,0,999.9,0,0.632692307692308
"1554",4,47,10,8.9,0,999.9,0,0.653846153846154
"1555",5,46.7,8,8.5,0.16,999.9,0,0.636538461538461
"1556",6,45,7.4,4.9,0.16,999.9,0,0.675961538461539
"1557",7,52.3,6.2,4.2,0,999.9,1,0.713461538461538
"1558",1,59.4,10,7.3,0,999.9,0,0.675961538461539
"1559",2,62.7,10,6.9,0.08,999.9,0,0.715384615384615
"1560",3,60.9,10,9.8,0,999.9,0,0.666346153846154
"1561",4,41.6,9.8,13.8,0,999.9,0,0.633653846153846
"1562",5,45.6,10,15.8,0.06,999.9,0,0.719230769230769
"1563",6,50.6,9.2,14.9,0.47,999.9,0,0.748076923076923
"1564",7,44.3,10,11.2,0.13,999.9,0,0.725
"1565",1,37.1,5.1,14.6,0.05,3.1,1,0.515384615384615
"1566",2,39.9,8.4,7.8,0.4,1.2,0,0.694230769230769
"1567",3,57.8,10,9.4,0,999.9,0,0.679807692307692
"1568",4,57.9,8.8,8.5,0,999.9,0,0.664423076923077
"1569",5,58.6,8,10.9,0.08,999.9,0,0.602884615384615
"1570",6,44.5,9.9,18.2,0.44,999.9,0,0.625
"1571",7,50.6,10,16,0,999.9,0,0.701923076923077
"1572",1,59.6,10,6,0,999.9,0,0.620192307692308
"1573",2,68.4,10,10.5,0,999.9,0,0.706730769230769
"1574",3,59.1,9.5,9.6,0.19,999.9,0,0.713461538461538
"1575",4,53.9,10,4.9,0,999.9,0,0.675
"1576",5,57.7,10,3.5,0,999.9,0,0.736538461538462
"1577",6,56.5,9.7,14.5,0.06,999.9,0,0.730769230769231
"1578",7,42.9,7.1,9.8,0.03,1.2,1,0.604807692307692
"1579",1,41.5,8.9,11.4,0.85,1.2,0,0.581730769230769
"1580",2,46.8,8.2,9.6,0.4,999.9,0,0.688461538461538
"1581",3,46.1,5.4,7.8,1.14,999.9,0,0.700961538461538
"1582",4,52.9,6.8,9.1,1.29,999.9,0,0.777884615384615
"1583",5,45.8,4.6,7.6,0.04,999.9,0,0.671153846153846
"1584",6,48.6,8.8,10.4,0.32,999.9,0,0.760576923076923
"1585",7,50.9,10,6.6,0.02,999.9,0,0.672115384615385
"1586",1,58.8,10,4.9,0,999.9,0,0.749038461538462
"1587",2,60.7,10,7,0,999.9,0,0.759615384615385
"1588",3,47.4,8.3,10.9,0.41,999.9,0,0.673076923076923
"1589",4,53.7,10,10.8,0.1,999.9,0,0.729807692307692
"1590",5,63.2,7.3,10.6,0.38,999.9,0,0.708653846153846
"1591",6,50.1,10,8.8,0,999.9,0,0.766346153846154
"1592",7,48.1,10,6.1,0,999.9,0,0.669230769230769
"1593",1,47.2,10,10.5,0.07,999.9,0,0.606730769230769
"1594",2,50.4,9.9,7.8,0.08,999.9,0,0.759615384615385
"1595",3,55.7,10,4,0,999.9,0,0.691346153846154
"1596",4,63.6,10,3.1,0,999.9,0,0.733653846153846
"1597",5,67,9.8,8,0,999.9,0,0.711538461538462
"1598",6,57.5,9.5,9.2,0.28,999.9,0,0.745192307692308
"1599",7,58,9.4,7.8,0.13,999.9,0,0.728846153846154
"1600",1,66.1,9.5,10.7,0.47,999.9,0,0.744230769230769
"1601",2,54.1,10,11.5,0.29,999.9,0,0.776923076923077
"1602",3,49.5,9.8,10.2,0.05,999.9,0,0.7
"1603",4,63.9,9,12.8,0.79,999.9,0,0.742307692307692
"1604",5,72.1,10,13.1,0.02,999.9,0,0.743269230769231
"1605",6,64.5,9.8,7.1,0.06,999.9,0,0.814423076923077
"1606",7,76.4,10,10.2,0.05,999.9,0,0.841346153846154
"1607",1,70.9,10,6.2,0,999.9,0,0.794230769230769
"1608",2,62.7,9,6.7,0.01,999.9,1,0.718269230769231
"1609",3,65.7,9.5,7.9,1.28,999.9,0,0.718269230769231
"1610",4,60,6.5,7.1,0.74,999.9,0,0.708653846153846
"1611",5,66.9,9.4,5.7,0.13,999.9,0,0.716346153846154
"1612",6,71.4,10,6.9,0,999.9,0,0.799038461538462
"1613",7,71.4,10,8.6,0,999.9,0,0.881730769230769
"1614",1,60.9,10,7.5,0.03,999.9,0,0.705769230769231
"1615",2,58.9,10,7.8,0,999.9,0,0.679807692307692
"1616",3,67,9.6,7.6,0,999.9,0,0.741346153846154
"1617",4,75.5,9.4,8.7,0.53,999.9,0,0.758653846153846
"1618",5,66.4,8.1,5.5,0.01,999.9,0,0.7125
"1619",6,67.3,9.3,7.9,0,999.9,0,0.791346153846154
"1620",7,68.6,10,9.2,0,999.9,0,0.853846153846154
"1621",1,69.7,9,6.8,0,999.9,0,0.774038461538462
"1622",2,68.3,8.4,10.3,0.03,999.9,0,0.767307692307692
"1623",3,69.9,10,6.8,0,999.9,0,0.745192307692308
"1624",4,69.5,9.8,9,0,999.9,0,0.6875
"1625",5,59,9.6,13.9,0.72,999.9,0,0.674038461538462
"1626",6,66,10,10.6,0.02,999.9,0,0.775
"1627",7,67.4,9,9.5,0.04,999.9,0,0.798076923076923
"1628",1,59.9,4.8,5.7,0.2,999.9,1,0.693269230769231
"1629",2,59.8,9,6.7,0.09,999.9,0,0.722115384615385
"1630",3,65.1,6.8,4.1,0,999.9,1,0.688461538461538
"1631",4,67.4,8.7,5.5,0,999.9,0,0.772115384615385
"1632",5,60.4,6.5,10.6,0.5,999.9,0,0.703846153846154
"1633",6,63,10,5.1,0.01,999.9,0,0.75
"1634",7,69.1,10,8.3,0,999.9,0,0.793269230769231
"1635",1,74.2,9.8,8.9,0.12,999.9,0,0.776923076923077
"1636",2,73.2,9.9,9.4,0.13,999.9,0,0.778846153846154
"1637",3,74,10,11.4,0.05,999.9,0,0.753846153846154
"1638",4,79.3,10,6.3,0,999.9,0,0.767307692307692
"1639",5,77.9,10,6.8,0.16,999.9,0,0.721153846153846
"1640",6,78.5,9.7,8.6,0,999.9,0,0.813461538461538
"1641",7,80.4,10,5.7,0.45,999.9,0,0.829807692307692
"1642",1,78.4,9.7,5.7,0,999.9,0,0.773076923076923
"1643",2,79.2,10,6.9,0.26,999.9,0,0.869230769230769
"1644",3,84.9,10,8.1,0,999.9,0,0.739423076923077
"1645",4,77.3,9.4,6,1.34,999.9,0,0.774038461538462
"1646",5,78.8,9,6.2,0.01,999.9,0,0.769230769230769
"1647",6,82.8,9.3,6.4,0,999.9,0,0.855769230769231
"1648",7,80.1,9.8,8,0,999.9,0,0.783653846153846
"1649",1,72,10,11.8,0,999.9,0,0.744230769230769
"1650",2,73.3,10,7.2,0,999.9,0,0.798076923076923
"1651",3,76.8,9.8,5.5,0,999.9,0,0.714423076923077
"1652",4,85,9.9,8.9,0,999.9,0,0.804807692307692
"1653",5,78.7,10,7.8,0,999.9,0,0.734615384615385
"1654",6,74.1,10,4.6,0,999.9,0,0.756730769230769
"1655",7,82.4,10,8.7,0,999.9,0,0.858653846153846
"1656",1,80.2,10,7.4,0.14,999.9,0,0.758653846153846
"1657",2,82.3,10,10,0,999.9,0,0.789423076923077
"1658",3,77.6,9.3,7.1,0.07,999.9,0,0.725
"1659",4,81.6,9.7,4.3,0.08,999.9,0,0.772115384615385
"1660",5,79.2,8.7,8.5,0.28,999.9,0,0.730769230769231
"1661",6,86.5,10,10.4,1.43,999.9,0,0.770192307692308
"1662",7,86,10,12.9,0.01,999.9,0,0.794230769230769
"1663",1,75.7,9.9,9.1,0.32,999.9,0,0.744230769230769
"1664",2,71.9,10,12.2,0,999.9,0,0.759615384615385
"1665",3,70.8,10,7.1,0,999.9,0,0.756730769230769
"1666",4,71.7,10,5,0,999.9,0,0.716346153846154
"1667",5,74.3,10,4.7,0,999.9,0,0.768269230769231
"1668",6,76.7,10,7.9,0,999.9,0,0.784615384615385
"1669",7,80.2,10,11.8,0,999.9,0,0.793269230769231
"1670",1,81.5,10,10.1,0,999.9,0,0.799038461538462
"1671",2,77.5,9.6,9.8,0,999.9,0,0.783653846153846
"1672",3,73.3,10,6.3,0.68,999.9,0,0.746153846153846
"1673",4,70.3,10,8.5,0,999.9,0,0.685576923076923
"1674",5,71,10,5.5,0,999.9,0,0.870192307692308
"1675",6,74.2,10,5.6,0,999.9,0,0.847115384615385
"1676",7,76.5,10,4,0,999.9,0,0.835576923076923
"1677",1,79.4,10,5.1,0,999.9,0,0.809615384615385
"1678",2,80.1,10,5.7,0,999.9,0,0.776923076923077
"1679",3,77.1,9.5,7.5,0.27,999.9,0,0.752884615384615
"1680",4,77.8,10,5.9,0,999.9,0,0.748076923076923
"1681",5,80.2,10,10.1,0,999.9,0,0.786538461538462
"1682",6,73.8,10,5.2,0,999.9,0,0.764423076923077
"1683",7,75,10,5.3,0,999.9,0,0.767307692307692
"1684",1,75.7,10,6.8,0,999.9,0,0.771153846153846
"1685",2,77.3,8,4.4,0,999.9,0,0.681730769230769
"1686",3,76.1,6.4,5.4,0.54,999.9,0,0.732692307692308
"1687",4,73.8,9.6,5.3,0.23,999.9,0,0.761538461538461
"1688",5,71.5,10,7.9,0.45,999.9,0,0.780769230769231
"1689",6,73.2,10,7.4,0,999.9,0,0.744230769230769
"1690",7,74.7,10,5.3,0,999.9,0,0.779807692307692
"1691",1,75.1,9.5,7.6,0.07,999.9,0,0.729807692307692
"1692",2,77.8,10,3.6,1.37,999.9,0,0.756730769230769
"1693",3,75.9,9.6,4.6,0,999.9,0,0.702884615384615
"1694",4,74,9.9,5.5,0.17,999.9,0,0.693269230769231
"1695",5,74.3,10,8,0,999.9,0,0.725
"1696",6,70.6,10,10.1,0,999.9,0,0.75
"1697",7,69.4,10,8.7,0,999.9,0,0.786538461538462
"1698",1,70,10,8.8,0,999.9,0,0.736538461538462
"1699",2,72.2,9.6,9.4,0.13,999.9,0,0.700961538461538
"1700",3,72.9,10,9.7,0.45,999.9,0,0.702884615384615
"1701",4,69.6,10,11.8,0,999.9,0,0.723076923076923
"1702",5,71.5,10,10.6,0,999.9,0,0.742307692307692
"1703",6,70.8,10,7,0,999.9,0,0.735576923076923
"1704",7,68.3,10,8.2,0,999.9,0,0.745192307692308
"1705",1,67.4,8.9,5.2,0.78,999.9,0,0.85
"1706",2,71.3,8.4,3.8,0.67,999.9,0,0.747115384615385
"1707",3,73.1,9.9,9.5,0,999.9,0,0.649038461538462
"1708",4,68.4,10,9.3,0.17,999.9,0,0.656730769230769
"1709",5,64.8,10,4.4,0,999.9,0,0.622115384615385
"1710",6,68.4,10,8.8,0,999.9,0,0.741346153846154
"1711",7,68.1,10,7.6,0,999.9,0,0.706730769230769
"1712",1,66.1,10,8.2,0,999.9,0,0.692307692307692
"1713",2,67.5,10,5.7,0.05,999.9,0,0.748076923076923
"1714",3,79.4,10,10,0.01,999.9,0,0.693269230769231
"1715",4,81.6,9.8,7.9,0,999.9,0,0.720192307692308
"1716",5,74.2,9.4,6.3,0.37,999.9,0,0.753846153846154
"1717",6,75.1,9.5,10.7,0.63,999.9,0,0.785576923076923
"1718",7,68.4,10,6.9,0.01,999.9,0,0.733653846153846
"1719",1,71.6,9.2,9.3,0,999.9,0,0.752884615384615
"1720",2,72.2,8.6,5.1,0.15,999.9,0,0.775961538461538
"1721",3,70.3,7.5,6.9,0,999.9,0,0.747115384615385
"1722",4,72.6,10,7.1,0,999.9,0,0.725961538461538
"1723",5,74.3,10,5.8,0,999.9,0,0.757692307692308
"1724",6,76,9.8,3.7,0.01,999.9,0,0.782692307692308
"1725",7,76.6,10,9,0,999.9,0,0.727884615384615
"1726",1,73.2,8.7,10.1,0.55,999.9,0,0.631730769230769
"1727",2,68.8,9.8,9.5,0.5,999.9,0,0.736538461538462
"1728",3,68.1,10,8.2,0,999.9,0,0.725961538461538
"1729",4,70.8,10,11.8,0,999.9,0,0.684615384615385
"1730",5,66.8,10,9.3,0,999.9,0,0.682692307692308
"1731",6,64.7,8.8,8.5,0,999.9,0,0.641346153846154
"1732",7,63.6,5.7,9.3,1.54,999.9,0,0.672115384615385
"1733",1,64.1,8.3,9,0.73,999.9,0,0.684615384615385
"1734",2,73.9,7,6.6,0.1,999.9,1,0.723076923076923
"1735",3,79.7,10,8.2,0,999.9,0,0.841346153846154
"1736",4,68.3,7.2,8.6,0,999.9,0,0.700961538461538
"1737",5,63.1,7.7,8.2,0.59,999.9,0,0.699038461538461
"1738",6,54.1,10,9.6,0.18,999.9,0,0.6875
"1739",7,56,9.6,8.9,0,999.9,0,0.694230769230769
"1740",1,60.3,10,8.3,0.28,999.9,0,0.644230769230769
"1741",2,60.1,10,7,0,999.9,0,0.716346153846154
"1742",3,59.8,10,3,0,999.9,0,0.683653846153846
"1743",4,61.7,10,7.5,0,999.9,0,0.703846153846154
"1744",5,62.9,9.9,7,0,999.9,0,0.620192307692308
"1745",6,60,8.9,11.1,0.11,999.9,0,0.7
"1746",7,44.2,10,14.2,0.45,999.9,0,0.701923076923077
"1747",1,48.1,10,12.2,0,999.9,0,0.670192307692308
"1748",2,46.5,10,7.4,0,999.9,0,0.657692307692308
"1749",3,52.3,9.6,8,0,999.9,0,0.710576923076923
"1750",4,49.5,10,13.8,0.01,999.9,0,0.711538461538462
"1751",5,47,10,5.3,0,999.9,0,0.65
"1752",6,49.2,10,4.8,0,999.9,0,0.676923076923077
"1753",7,56.3,10,7.7,0,999.9,0,0.688461538461538
"1754",1,56.7,9.8,5.6,0,999.9,0,0.692307692307692
"1755",2,58.3,7.2,12.3,0,999.9,1,0.683653846153846
"1756",3,50.8,9.9,16.1,0.08,999.9,0,0.634615384615385
"1757",4,49.2,10,9,0.05,999.9,0,0.672115384615385
"1758",5,48.6,10,5.9,0.01,999.9,0,0.688461538461538
"1759",6,46.9,10,3.8,0,999.9,0,0.721153846153846
"1760",7,44.9,8,7.4,0,999.9,0,0.536538461538462
"1761",1,50.3,7.4,12.2,2.29,999.9,0,0.674038461538462
"1762",2,48.8,9.9,4,0.03,999.9,0,0.632692307692308
"1763",3,42.3,6.3,7.4,0.11,999.9,0,0.610576923076923
"1764",4,38.5,5.9,8.4,0.51,1.2,0,0.554807692307692
"1765",5,36,2,14.2,0.49,2,1,0.565384615384615
"1766",6,33.1,9.4,8.8,0.02,2,0,0.810576923076923
"1767",7,39.5,8.5,10.3,0,999.9,0,0.638461538461538
"1768",1,40.4,10,8,0,999.9,0,0.690384615384615
"1769",2,48.6,10,9.8,0,999.9,0,0.645192307692308
"1770",3,39.1,10,9.2,0,999.9,0,0.609615384615385
"1771",4,40.9,10,8.4,0,999.9,0,0.635576923076923
"1772",5,30.2,8.8,11.6,0,999.9,0,0.635576923076923
"1773",6,24.6,10,7.6,0,999.9,0,0.653846153846154
"1774",7,34.8,10,10.1,0,999.9,0,0.682692307692308
"1775",1,42.1,10,6.5,0,999.9,0,0.625
"1776",2,30.5,5.4,13.4,0.13,2,1,0.475
"1777",3,14.9,10,11.7,0.02,2,0,0.524038461538462
"1778",4,17.3,10,10.1,0,2,0,0.555769230769231
"1779",5,28.4,9.2,7.1,0,2,0,0.555769230769231
"1780",6,28.5,9.2,6,0,1.2,0,0.726923076923077
"1781",7,34.7,9.4,5,0,1.2,0,0.6375
"1782",1,34.2,10,6.2,0,999.9,0,0.674038461538462
"1783",2,37.9,5.9,5.4,0,999.9,0,0.656730769230769
"1784",3,38.3,7.4,4.2,0,999.9,0,0.655769230769231
"1785",4,42.5,5.2,4.2,0.03,999.9,0,0.700961538461538
"1786",5,47.8,8.6,14.6,0.18,999.9,0,0.636538461538461
"1787",6,37.2,10,8.2,0.31,999.9,0,0.699038461538461
"1788",7,32.4,10,4.8,0,999.9,0,0.675
"1789",1,39.4,10,8.9,0,999.9,0,0.670192307692308
"1790",2,45.5,10,7.3,0,999.9,0,0.664423076923077
"1791",3,42.1,9.3,5.5,0,999.9,0,0.651923076923077
"1792",4,45.8,7.7,18.3,0.49,999.9,0,0.6125
"1793",5,35.2,10,9.5,0.14,999.9,0,0.485576923076923
"1794",6,37.2,7.9,4.4,0.01,999.9,0,0.623076923076923
"1795",7,38.5,6.5,11.3,0.02,999.9,0,0.6375
"1796",1,40.5,6.5,9.1,0.16,999.9,0,0.689423076923077
"1797",2,33.3,9.6,11.7,0.06,999.9,0,0.681730769230769
"1798",3,33.5,9.7,10.1,0,999.9,0,0.6625
"1799",4,37.6,10,11.4,0,999.9,0,0.717307692307692
"1800",5,36.8,10,5.3,0,999.9,0,0.673076923076923
"1801",6,39.2,10,9.6,0,999.9,0,0.707692307692308
"1802",7,32,10,5.8,0,999.9,0,0.673076923076923
"1803",1,39.9,9.1,10.1,0,999.9,0,0.643269230769231
"1804",2,47.2,5.9,9.1,0.01,999.9,0,0.677884615384615
"1805",3,23.2,9.8,13.8,0.01,999.9,0,0.649038461538462
"1806",4,19.2,9.2,9.3,0,999.9,0,0.580769230769231
"1807",5,30.1,9.4,9.6,0,999.9,0,0.630769230769231
"1808",6,39.7,10,6.9,0,999.9,0,0.702884615384615
"1809",7,34.2,8.8,5.1,0,999.9,0,0.655769230769231
"1810",1,24.8,9.8,7.8,0,999.9,0,0.629807692307692
"1811",2,27.8,7.6,5.6,0,999.9,0,0.6
"1812",3,26.6,9.9,10.2,0,999.9,0,0.643269230769231
"1813",4,21.3,9.9,9.8,0,999.9,0,0.626923076923077
"1814",5,24.3,9.9,9,0,999.9,0,0.656730769230769
"1815",6,31.3,6.9,3.7,0,999.9,0,0.694230769230769
"1816",7,39,9.8,7.3,0,999.9,0,0.716346153846154
"1817",1,40.4,10,7.7,0,999.9,0,0.653846153846154
"1818",2,42.8,10,7.5,0,999.9,0,0.660576923076923
"1819",3,40.8,6.8,4.7,0,999.9,1,0.599038461538462
"1820",4,48.8,10,8.1,0,999.9,0,0.492307692307692
"1821",5,56.3,10,10.3,0,999.9,0,0.584615384615385
"1822",6,38.3,8.4,8.6,0,999.9,0,0.664423076923077
"1823",7,36,6.3,5.6,0,999.9,0,0.613461538461539
"1824",1,54.3,7.6,10.7,0.76,999.9,0,0.6625
"1825",2,39,8.2,13.7,0.85,999.9,0,0.591346153846154
"1826",3,27.7,7.1,16.8,0.01,1.2,0,0.525961538461538
"1827",4,30.6,10,10.1,0,1.2,0,0.958817317845829
"1828",5,42.4,10,13.2,0,999.9,0,0.670538542766631
"1829",6,39.6,9.8,5.5,0,999.9,0,0.734952481520591
"1830",7,33.2,8.1,8.5,0,1.2,1,0.672650475184794
"1831",1,32.3,9.9,12.2,0.01,999.9,0,0.655755015839493
"1832",2,34.2,10,9.7,0,999.9,0,0.729672650475185
"1833",3,34.9,10,7.8,0,999.9,0,0.659978880675818
"1834",4,24.7,10,10.4,0,999.9,0,0.682154171066526
"1835",5,34.2,9.8,13.7,0,999.9,1,0.665258711721225
"1836",6,46.5,5.1,10.1,0.02,999.9,1,0.657866948257656
"1837",7,36.3,2.6,15.9,1.42,999.9,1,0.591341077085533
"1838",1,28.5,7.8,7.6,0.04,1.2,1,0.606124604012672
"1839",2,32.6,8,7.6,0,1.2,1,0.684266103484689
"1840",3,36.6,7.9,8.4,0,1.2,0,0.699049630411827
"1841",4,33.5,4.7,5.8,0,999.9,1,0.688489968321014
"1842",5,26.1,8.9,12.3,0,999.9,0,0.711721224920803
"1843",6,22.1,8.9,7.8,0,1.2,1,0.613516367476241
"1844",7,30.9,4.8,14.5,0.42,1.2,1,0.592397043294615
"1845",1,10.2,9.6,14.9,0.04,1.2,1,0.531151003167899
"1846",2,23,9.7,6,0,1.2,1,0.651531151003168
"1847",3,23.6,10,6.5,0,999.9,0,0.617740232312566
"1848",4,28.2,9.9,10.3,0,999.9,0,0.668426610348469
"1849",5,32.5,4.8,8.3,0.01,1.2,1,0.625131995776135
"1850",6,36.1,2.5,4.8,0.16,1.2,1,0.69376979936642
"1851",7,34.1,4.1,7.9,0.3,999.9,1,0.700105596620908
"1852",1,32.2,8.1,9.9,0.05,999.9,1,0.638859556494192
"1853",2,31.1,7.3,6,0,999.9,0,0.737064413938754
"1854",3,32.8,9.3,4.7,0,999.9,1,0.71805702217529
"1855",4,31.7,8.8,3,0,999.9,1,0.652587117212249
"1856",5,32.7,8.9,3.3,0.09,999.9,1,0.651531151003168
"1857",6,33.6,6.4,4.9,0,999.9,1,0.747624076029567
"1858",7,34.8,6.1,9,0.04,999.9,1,0.845828933474129
"1859",1,41.7,10,14.1,0,999.9,0,0.700105596620908
"1860",2,39.5,10,6.2,0,999.9,0,0.784582893347413
"1861",3,36.3,10,16.5,0,999.9,0,0.684266103484689
"1862",4,30,9.1,13.2,0,999.9,1,0.667370644139388
"1863",5,28.6,4.1,11.4,0.05,3.1,1,0.585005279831045
"1864",6,29.7,8.5,7.8,0.05,2,1,0.731784582893347
"1865",7,30.7,9.4,6.1,0,1.2,1,0.659978880675818
"1866",1,29.9,8.1,9,0,1.2,1,0.594508975712777
"1867",2,32,7.9,7.1,0.05,1.2,1,0.663146779303062
"1868",3,30.5,7.5,8.8,0,1.2,0,0.675818373812038
"1869",4,29.5,8.5,7,0,1.2,1,0.662090813093981
"1870",5,24.5,3.3,9.1,0.2,3.1,1,0.577613516367476
"1871",6,6.3,10,7,0.01,2,0,0.618796198521647
"1872",7,18.6,10,12.1,0,2,1,0.626187961985216
"1873",1,29.7,10,5,0,1.2,0,0.652587117212249
"1874",2,34.1,8,7.7,0,1.2,1,0.633579725448786
"1875",3,36.7,6.6,11.2,0.13,999.9,1,0.703273495248152
"1876",4,25.1,10,7.6,0,999.9,0,0.613516367476241
"1877",5,19.7,10,9.4,0,999.9,0,0.633579725448786
"1878",6,21.9,10,9.6,0,999.9,0,0.69376979936642
"1879",7,35.7,10,10.9,0,999.9,0,0.723336853220697
"1880",1,42.1,10,10.2,0,999.9,0,0.696937697993664
"1881",2,41.4,10,7.9,0,999.9,1,0.632523759239704
"1882",3,37.7,8.7,15.8,0,999.9,1,0.544878563885956
"1883",4,31.2,4.5,15.2,0.03,2,1,0.634635691657867
"1884",5,27.1,9.9,11.1,0,1.2,1,0.59662090813094
"1885",6,23.6,10,8.3,0,1.2,0,0.692713833157339
"1886",7,25.3,10,8.3,0,1.2,0,0.619852164730729
"1887",1,40.1,10,10.8,0,999.9,0,0.764519535374868
"1888",2,45.4,10,6.2,0,999.9,0,0.632523759239704
"1889",3,39.2,9.8,9.8,0,999.9,0,0.668426610348469
"1890",4,41.6,9.8,8,0.01,999.9,1,0.657866948257656
"1891",5,42.1,10,10.6,0.02,999.9,0,0.619852164730729
"1892",6,36.1,9.6,16.2,0,999.9,1,0.745512143611404
"1893",7,35,10,7.4,0,999.9,0,0.62090813093981
"1894",1,49.8,10,14.7,0,999.9,0,0.674762407602957
"1895",2,54.1,9.1,14.2,0.01,999.9,1,0.604012671594509
"1896",3,43.9,8.2,10.4,0.86,999.9,1,0.595564941921858
"1897",4,38.5,7.9,5,0,999.9,1,0.621964097148891
"1898",5,44.6,8,7.5,0,999.9,0,0.668426610348469
"1899",6,43.4,9.6,14.8,0,999.9,1,0.712777191129884
"1900",7,38.7,9.5,9.5,0,999.9,1,0.651531151003168
"1901",1,35.3,9.9,10.3,0,999.9,1,0.623020063357973
"1902",2,36,8.6,5.5,0,999.9,1,0.560718057022175
"1903",3,40.6,7.2,7.6,0.01,999.9,1,0.608236536430834
"1904",4,41.3,7.5,6.3,0,999.9,1,0.55649419218585
"1905",5,45.3,3.9,7.9,0.53,999.9,1,0.497360084477297
"1906",6,48.1,9.6,12.9,0.27,999.9,1,0.523759239704329
"1907",7,30.5,10,10.5,0.01,999.9,0,0.463569165786695
"1908",1,30.7,8.4,6.7,0,999.9,1,0.398099260823654
"1909",2,35.6,4.5,3.7,0.2,999.9,1,0.414994720168955
"1910",3,38.6,7,4.9,0.07,999.9,0,0.446673706441394
"1911",4,43,7.7,5.3,0,999.9,0,0.462513199577613
"1912",5,47.8,8.5,8.4,0,999.9,1,0.448785638859556
"1913",6,42.4,5.1,9,0,999.9,1,0.448785638859556
"1914",7,49.3,5.7,6.8,0.59,999.9,1,0.494192185850053
"1915",1,52.2,9.4,17.6,0.21,999.9,1,0.527983104540655
"1916",2,45,10,13.2,0.01,999.9,0,0.472016895459345
"1917",3,39.6,9.8,9.9,0,999.9,1,0.410770855332629
"1918",4,42.9,10,8,0,999.9,0,0.5480464625132
"1919",5,44,10,4.1,0,999.9,0,0.398099260823654
"1920",6,54.2,10,6.1,0,999.9,1,0.536430834213305
"1921",7,47.4,9.3,8.2,0.07,999.9,1,0.472016895459345
"1922",1,42,10,7.7,0.01,999.9,0,0.42766631467793
"1923",2,48.1,10,5.6,0,999.9,1,0.476240760295671
"1924",3,64.8,9.1,7.3,0.24,999.9,1,0.480464625131996
"1925",4,59.1,7.1,6.6,0.31,999.9,1,0.46779303062302
"1926",5,46,10,15.5,0.23,999.9,1,0.449841605068638
"1927",6,40.5,10,10.4,0,999.9,0,0.449841605068638
"1928",7,50.6,10,6.7,0,999.9,1,0.473072861668427
"1929",1,55.7,9.6,8.9,0.16,999.9,1,0.404435058078142
"1930",2,44.8,9.5,15.1,0.08,999.9,1,0.418162618796199
"1931",3,35.8,10,12.7,0.04,999.9,1,0.384371700105597
"1932",4,33.5,7.9,7.5,0.01,1.2,1,0.434002111932418
"1933",5,37,10,8.1,0.02,1.2,0,0.42766631467793
"1934",6,37.6,6.7,6.8,0.21,1.2,1,0.448785638859556
"1935",7,43.4,10,11.6,0.07,2,0,0.487856388595565
"1936",1,51.3,10,11.1,0,999.9,0,0.359028511087645
"1937",2,48.9,10,8.1,0,999.9,0,0.529039070749736
"1938",3,46.8,9.8,14.4,0.03,999.9,1,0.441393875395987
"1939",4,46.3,9.9,6.1,0,999.9,1,0.456177402323126
"1940",5,51.4,9,5.3,0.01,999.9,1,0.465681098204857
"1941",6,44.6,5.1,8,0,999.9,0,0.464625131995776
"1942",7,44.3,7.5,10,0.11,999.9,1,0.420274551214361
"1943",1,50.1,9.9,10.6,0.46,999.9,1,0.445617740232313
"1944",2,53.3,9.9,7.8,0,999.9,1,0.420274551214361
"1945",3,62.3,7.8,7.4,0.54,999.9,1,0.491024287222809
"1946",4,56.6,6,9,0.96,999.9,1,0.446673706441394
"1947",5,45.8,7.4,15,1.64,999.9,1,0.448785638859556
"1948",6,51.6,10,3.7,0.08,999.9,0,0.594508975712777
"1949",7,66,10,10.2,0,999.9,0,0.519535374868004
"1950",1,66.2,10,8,0,999.9,0,0.517423442449842
"1951",2,47.3,10,12.8,0,999.9,0,0.462513199577613
"1952",3,44.9,9.8,8.8,0.06,999.9,1,0.461457233368532
"1953",4,49,10,6.8,0.17,999.9,0,0.488912354804646
"1954",5,55.4,10,9.9,0,999.9,0,0.44350580781415
"1955",6,43.3,10,12.3,0,999.9,0,0.46779303062302
"1956",7,43.1,10,8,0,999.9,0,0.488912354804646
"1957",1,48.7,9.3,10.4,0,999.9,1,0.499472016895459
"1958",2,42.9,10,6,0.42,999.9,1,0.477296726504752
"1959",3,49.6,10,7.4,0,999.9,0,0.479408658922914
"1960",4,54.6,10,9.9,0,999.9,0,0.546990496304118
"1961",5,60.7,7.5,8.7,0.12,999.9,1,0.493136219640971
"1962",6,66.8,7.8,7.1,1.91,999.9,1,0.578669482576558
"1963",7,60.2,10,8.2,0.02,999.9,0,0.609292502639916
"1964",1,59.5,4.8,8.5,1.02,999.9,1,0.464625131995776
"1965",2,61.3,7.4,6.1,3.18,999.9,1,0.527983104540655
"1966",3,55.1,3.8,11.1,0.13,999.9,1,0.497360084477297
"1967",4,58.9,10,10.8,0,999.9,0,0.565997888067582
"1968",5,60.8,10,6.8,0,999.9,0,0.522703273495248
"1969",6,61.6,7.1,3.9,0,999.9,1,0.564941921858501
"1970",7,65.7,9.2,7.2,0,999.9,1,0.583949313621964
"1971",1,74.8,10,4.9,0.34,999.9,0,0.598732840549102
"1972",2,78.2,10,7.9,0,999.9,0,0.678986272439282
"1973",3,78.7,10,6.8,0,999.9,1,0.611404435058078
"1974",4,79.1,10,6.2,0,999.9,1,0.600844772967265
"1975",5,74.6,9.9,8.1,0.02,999.9,1,0.581837381203801
"1976",6,67.9,9.7,9.1,0.26,999.9,1,0.613516367476241
"1977",7,63,10,6.9,0.01,999.9,0,0.974656810982049
"1979",2,63.4,9.9,8.3,0,999.9,1,0.938753959873284
"1980",3,78.1,10,12.8,0.01,999.9,0,0.713833157338965
"1981",4,77.8,10,8.4,0,999.9,1,0.656810982048574
"1982",5,77.5,9.9,6.6,0.01,999.9,1,0.557550158394931
"1983",6,79.7,10,6.6,0,999.9,0,0.57233368532207
"1984",7,74.1,9.6,8.2,0,999.9,0,0.557550158394931
"1985",1,67.5,10,7.4,0,999.9,0,0.583949313621964
"1986",2,76,10,7.6,0,999.9,0,0.553326293558606
"1987",3,81,9.3,12.3,0,999.9,1,0.521647307286167
"1988",4,76.7,9.8,13.9,0.45,999.9,1,0.526927138331573
"1989",5,69.4,9.6,12,0.03,999.9,1,0.58078141499472
"1990",6,70.2,10,5.8,0,999.9,0,0.63674762407603
"1991",7,60,10,12.2,0.07,999.9,1,0.53220696937698
"1992",1,62.2,10,9.5,0,999.9,0,0.568109820485744
"1993",2,64.2,10,7.4,0,999.9,0,0.607180570221753
"1994",3,70.3,10,5.6,0,999.9,0,0.581837381203801
"1995",4,75.4,10,5.4,0,999.9,0,0.635691657866948
"1996",5,77.7,10,5.6,0,999.9,0,0.633579725448786
"1997",6,81,10,4.2,0,999.9,0,0.62935586061246
"1998",7,81.9,9.9,7.6,0,999.9,1,0.690601900739176
"1999",1,75.1,9.4,6.7,0.38,999.9,1,0.626187961985216
"2000",2,75.6,9.8,6.6,0,999.9,1,0.705385427666315
"2001",3,69.3,9.2,10.1,0.58,999.9,1,0.606124604012672
"2002",4,69.5,10,6.1,0,999.9,1,0.61246040126716
"2003",5,73,10,6.8,0.07,999.9,1,0.647307286166843
"2004",6,75.3,9.8,5.4,0,999.9,1,0.587117212249208
"2005",7,77.8,9.5,8,1.56,999.9,1,0.61246040126716
"2006",1,77.2,10,5.9,0,999.9,1,0.659978880675818
"2007",2,79.7,10,5.9,0.14,999.9,1,0.585005279831045
"2008",3,78.8,9.7,5.6,0.28,999.9,1,0.600844772967265
"2009",4,80.4,9.7,7.4,0,999.9,1,0.721224920802534
"2010",5,81,10,5.9,0,999.9,0,0.672650475184794
"2011",6,80.3,9.9,4.6,0,999.9,0,0.722280887011616
"2012",7,81.3,9.8,4.9,0,999.9,0,0.785638859556494
"2013",1,82.2,8.9,5,0,999.9,0,0.761351636747624
"2014",2,85.1,10,3.6,0,999.9,0,0.668426610348469
"2015",3,86.1,10,5.9,0,999.9,1,0.581837381203801
"2016",4,82.1,10,4.8,0.01,999.9,1,0.583949313621964
"2017",5,84.1,9.9,7,0,999.9,0,0.587117212249208
"2018",6,79,8.7,11.3,0.51,999.9,1,0.707497360084477
"2019",7,78,10,7.9,0.24,999.9,1,0.662090813093981
"2020",1,75.1,10,7.9,0.04,999.9,1,0.630411826821542
"2021",2,72.8,10,5.6,0,999.9,0,0.702217529039071
"2022",3,76.4,10,6.7,0,999.9,0,0.634635691657867
"2023",4,79,9.9,7.2,0,999.9,1,0.635691657866948
"2024",5,73.7,8.1,8.8,0.82,999.9,1,0.627243928194298
"2025",6,77.6,10,6,0,999.9,0,0.69376979936642
"2026",7,82.5,10,9.1,0,999.9,0,0.68532206969377
"2027",1,80.1,9.6,12.4,0.05,999.9,1,0.662090813093981
"2028",2,76.8,10,5.8,0.56,999.9,0,0.683210137275607
"2029",3,75.7,10,7.3,0,999.9,1,0.667370644139388
"2030",4,77,9.8,7.2,0.06,999.9,1,0.64519535374868
"2031",5,74.7,10,5.7,0,999.9,0,0.59662090813094
"2032",6,75.1,10,5.7,0,999.9,0,0.662090813093981
"2033",7,79.6,9.5,4.9,0,999.9,0,0.68532206969377
"2034",1,84.6,10,9.6,0,999.9,0,0.69376979936642
"2035",2,79.3,10,7.7,0.04,999.9,1,0.650475184794087
"2036",3,78.3,10,7.7,0.17,999.9,0,0.655755015839493
"2037",4,79.8,10,9.3,0,999.9,1,0.65364308342133
"2038",5,78.4,10,10.8,0,999.9,1,0.63674762407603
"2039",6,74.9,10,9.5,0,999.9,0,0.662090813093981
"2040",7,74.5,10,6.5,0,999.9,1,0.714889123548046
"2041",1,71.8,9.2,6.7,0.21,999.9,1,0.597676874340021
"2042",2,68.1,10,8.1,0.09,999.9,0,0.63674762407603
"2043",3,66.9,10,10.2,0,999.9,0,0.571277719112988
"2044",4,66.9,10,5.6,0,999.9,0,0.604012671594509
"2045",5,72.3,10,4.8,0,999.9,0,0.637803590285111
"2046",6,73.7,9.9,4.7,0,999.9,0,0.627243928194298
"2047",7,76.8,10,7.8,0,999.9,0,0.699049630411827
"2048",1,81,10,9.9,0,999.9,0,0.688489968321014
"2049",2,79.5,9.8,8.5,0,999.9,1,1
"2050",3,73.6,10,7.3,0.32,999.9,0,0.627243928194298
"2051",4,74.6,10,4.6,0,999.9,0,0.634635691657867
"2052",5,77.3,10,5.4,0,999.9,0,0.683210137275607
"2053",6,79.3,10,7.1,0,999.9,0,0.676874340021119
"2054",7,78.9,10,4.8,0,999.9,1,0.658922914466737
"2055",1,74.5,10,8.3,0,999.9,0,0.707497360084477
"2056",2,76.1,10,4.8,0,999.9,0,0.675818373812038
"2057",3,74,10,8.4,0,999.9,0,0.648363252375924
"2058",4,71.5,10,5.5,0,999.9,0,0.662090813093981
"2059",5,73.9,10,4.9,0,999.9,0,0.675818373812038
"2060",6,76.5,10,4.5,0,999.9,0,0.688489968321014
"2061",7,78,10,6.2,0,999.9,0,0.678986272439282
"2062",1,79.1,10,7.3,0,999.9,1,0.658922914466737
"2063",2,83.2,10,6.7,0,999.9,0,0.66948257655755
"2064",3,83.4,10,7.3,0,999.9,0,0.673706441393875
"2065",4,83,10,8.7,0,999.9,0,0.681098204857445
"2066",5,84.5,10,9.9,0,999.9,0,0.621964097148891
"2067",6,84.5,10,8.3,0,999.9,0,0.703273495248152
"2068",7,79.3,9.7,11,0.05,999.9,1,0.681098204857445
"2069",1,72.2,10,6.8,0,999.9,0,0.695881731784583
"2070",2,74,10,8.7,0,999.9,0,0.731784582893347
"2071",3,72.7,9.4,6.5,0.11,999.9,1,0.694825765575502
"2072",4,76,8.6,8.7,0.27,999.9,1,0.608236536430834
"2073",5,76.5,10,11.7,0,999.9,0,0.60506863780359
"2074",6,69,10,8.6,0,999.9,0,0.684266103484689
"2075",7,72.8,10,9.9,0,999.9,0,0.708553326293559
"2076",1,69.4,9.5,9.2,0.07,999.9,1,0.681098204857445
"2077",2,74.7,10,11.3,0.41,999.9,0,0.634635691657867
"2078",3,64.4,7.3,12.1,0.59,999.9,1,0.574445617740232
"2079",4,63,8.5,9.4,0.74,999.9,1,0.57233368532207
"2080",5,62.6,9.2,10.3,0.39,999.9,1,0.59662090813094
"2081",6,63.6,8.6,9.1,0.16,999.9,1,0.695881731784583
"2082",7,67.7,7.6,8.4,0,999.9,1,0.593453009503696
"2083",1,67.5,10,7,0.34,999.9,0,0.615628299894403
"2084",2,65.7,10,2.7,0.01,999.9,0,0.621964097148891
"2085",3,67.6,10,6.5,0,999.9,0,0.637803590285111
"2086",4,70.6,10,7.8,0,999.9,0,0.651531151003168
"2087",5,67.8,9.8,12.8,0,999.9,0,0.562829989440338
"2088",6,59.4,10,12.6,0,999.9,0,0.609292502639916
"2089",7,55,10,5.2,0,999.9,0,0.619852164730729
"2090",1,60.2,10,5.3,0,999.9,0,0.62935586061246
"2091",2,64,10,6.5,0,999.9,0,0.595564941921858
"2092",3,66.4,10,5.5,0,999.9,0,0.57233368532207
"2093",4,68.4,10,5.9,0,999.9,0,0.665258711721225
"2094",5,67.7,10,6.6,0,999.9,0,0.599788806758184
"2095",6,70.5,10,6.8,0,999.9,0,0.714889123548046
"2096",7,69,9.7,11,0,999.9,0,0.663146779303062
"2097",1,71.2,10,11.1,0,999.9,0,0.691657866948258
"2098",2,56.6,9.3,8.7,0.3,999.9,1,0.577613516367476
"2099",3,53.5,10,7,0.03,999.9,0,0.543822597676874
"2100",4,57.8,10,11.9,0,999.9,0,0.611404435058078
"2101",5,52.9,10,8.5,0,999.9,1,0.646251319957761
"2102",6,49.2,10,7.4,0.27,999.9,0,0.58078141499472
"2103",7,50.3,10,4.7,0,999.9,1,0.63674762407603
"2104",1,49.1,9.7,8.3,0.2,999.9,1,0.613516367476241
"2105",2,49.4,10,6.3,0.04,999.9,0,0.597676874340021
"2106",3,59.6,10,10.4,0,999.9,0,0.628299894403379
"2107",4,67.2,10,9.2,0,999.9,0,0.644139387539599
"2108",5,59.5,10,4,0,999.9,0,0.590285110876452
"2109",6,63.9,9.6,9.1,0,999.9,0,0.691657866948258
"2110",7,68.3,10,10.4,0,999.9,0,0.711721224920803
"2111",1,61.8,10,8.4,0,999.9,0,0.68532206969377
"2112",2,62.2,8.7,10.3,0,999.9,1,0.599788806758184
"2113",3,56.3,10,9.3,0.29,999.9,0,0.623020063357973
"2114",4,60.5,10,9.8,0,999.9,0,0.681098204857445
"2115",5,57.6,10,13.2,0,999.9,1,0.678986272439282
"2116",6,45.3,10,9.2,0,999.9,0,0.604012671594509
"2117",7,50.2,10,11.8,0,999.9,1,0.649419218585005
"2118",1,52.5,9.8,10.5,0,999.9,1,0.589229144667371
"2119",2,43,9.7,6.2,0.21,999.9,1,0.555438225976769
"2120",3,46.6,9.1,8.2,0.05,999.9,1,0.581837381203801
"2121",4,50.8,7.7,7.5,0.14,999.9,1,0.611404435058078
"2122",5,57.5,5.6,9.3,2.47,999.9,1,0.638859556494192
"2123",6,60.5,8.7,11.8,0.07,999.9,1,0.61246040126716
"2124",7,41.5,10,9,0.49,999.9,0,0.583949313621964
"2125",1,44.6,10,10.2,0,999.9,0,0.682154171066526
"2126",2,39,9.1,10.2,0,999.9,1,0.575501583949314
"2127",3,35.8,7.5,5.2,0.01,999.9,1,0.546990496304118
"2128",4,39.9,10,7.8,0.07,999.9,0,0.578669482576558
"2129",5,45,10,11,0,999.9,0,0.614572333685322
"2130",6,37.3,10,8.1,0,999.9,0,0.652587117212249
"2131",7,42.7,10,8.8,0,999.9,0,0.656810982048574
"2132",1,43.9,10,17.4,0.01,999.9,0,0.702217529039071
"2133",2,37.1,10,9.3,0,999.9,0,0.627243928194298
"2134",3,51.2,10,8,0,999.9,0,0.651531151003168
"2135",4,59.9,10,11.3,0,999.9,0,0.694825765575502
"2136",5,63,10,10.7,0,999.9,0,0.683210137275607
"2137",6,60.8,10,8.2,0,999.9,0,0.702217529039071
"2138",7,62.2,10,9,0,999.9,0,0.655755015839493
"2139",1,64.7,10,7.2,0,999.9,0,0.630411826821542
"2140",2,69.4,10,8.8,0,999.9,0,0.65364308342133
"2141",3,70.1,10,14.3,0,999.9,1,0.628299894403379
"2142",4,43.8,9.6,13.4,0.74,999.9,1,0.513199577613516
"2143",5,42.6,10,5.5,0,999.9,0,0.5480464625132
"2144",6,41,10,7.4,0,999.9,1,0.561774023231257
"2145",7,35.8,10,7.8,0,999.9,0,0.496304118268215
"2146",1,46,9.1,18.6,0.29,999.9,1,0.543822597676874
"2147",2,38,10,11.9,0.04,999.9,0,0.54065469904963
"2148",3,38,10,11.7,0,999.9,0,0.525871172122492
"2149",4,41.6,10,8.5,0,999.9,0,0.527983104540655
"2150",5,53.5,10,16.7,0,999.9,0,0.545934530095037
"2151",6,58,10,12.5,0,999.9,0,0.675818373812038
"2152",7,44,9.9,6.7,0,999.9,0,0.563885955649419
"2153",1,42.2,9.9,5.2,0,999.9,1,0.538542766631468
"2154",2,40.3,10,5.7,0.02,999.9,0,0.562829989440338
"2155",3,37.8,6.3,7.9,0.09,999.9,1,0.529039070749736
"2156",4,45.1,4.5,7,0.34,999.9,1,0.508975712777191
"2157",5,43.9,7.2,8.8,0.32,999.9,1,0.411826821541711
"2158",6,40.8,7.9,6.4,0,999.9,0,0.608236536430834
"2159",7,37.5,10,7.7,0,999.9,0,0.518479408658923
"2160",1,42.3,10,9,0,999.9,0,0.558606124604013
"2161",2,34.8,10,16.9,0,999.9,1,0.512143611404435
"2162",3,29.5,10,11.1,0,999.9,1,0.598732840549102
"2163",4,32.9,10,5.4,0,999.9,0,0.536430834213305
"2164",5,36.3,10,9.7,0,999.9,0,0.498416050686378
"2165",6,38.1,10,9.8,0,999.9,0,0.611404435058078
"2166",7,35,10,5.9,0,999.9,0,0.590285110876452
"2167",1,35.3,9.7,3,0,999.9,1,0.59662090813094
"2168",2,35.7,9.5,3.9,0,999.9,0,0.579725448785639
"2169",3,35.4,9.4,7.2,0,999.9,0,0.575501583949314
"2170",4,39.3,7.3,7.8,0,999.9,0,0.5480464625132
"2171",5,42.7,10,3.9,0,999.9,0,0.599788806758184
"2172",6,43,8.1,8.1,0,999.9,1,0.523759239704329
"2173",7,40.5,5.1,11.9,1.19,999.9,1,0.524815205913411
"2174",1,32.7,10,6.8,0.37,999.9,1,0.58078141499472
"2175",2,30.3,10,10.9,0,999.9,0,0.579725448785639
"2176",3,26.8,10,7,0,999.9,0,0.598732840549102
"2177",4,30.7,9.6,8.5,0,999.9,1,0.553326293558606
"2178",5,33.7,9.7,6,0,999.9,1,0.544878563885956
"2179",6,30.5,9.7,6.5,0,999.9,0,0.592397043294615
"2180",7,38.7,9.9,9.7,0,999.9,0,0.557550158394931
"2181",1,36.8,9.7,9.3,0,999.9,0,0.571277719112988
"2182",2,38.3,9.9,9.9,0,999.9,1,0.643083421330517
"2183",3,37.5,10,9.9,0,999.9,0,0.610348468848997
"2184",4,46.9,9.9,16.6,0,999.9,1,0.615628299894403
"2185",5,23.1,8.9,16.8,0.09,999.9,1,0.521647307286167
"2186",6,14.4,10,10.8,0,999.9,1,0.421330517423442
"2187",7,23.9,10,8.7,0,999.9,0,0.461457233368532
"2188",1,33,10,7.4,0,999.9,0,0.520591341077085
"2189",2,33.2,10,11.2,0,999.9,1,0.55649419218585
"2190",3,24.9,8.9,5.8,0,1.2,1,0.450897571277719
"2191",4,32.6,6.8,12.9,0.43,1.2,1,0.495248152059134
"2192",5,26.2,10,6.1,0.01,999.9,0,0.578669482576558
